family_name,days_total,pos_days,zero_days,zero_rate,pos_rate,qty_total,qty_avg_all_days,qty_avg_pos_days,qty_std_pos_days,years_count,active_months,adi,cv2_pos,peak_doy,season_start_p25,season_start_p50,season_start_p75,demand_class,data_quality_class,seasonality_class
spathiphillum,6273,4826,1447,0.2307,0.7693,17922.0,2.857,3.7136,3.157,18,12,1.2999,0.7227,246,2.0,2.0,3.8,erratic,strong,all_year
kalanchoe,6273,5002,1270,0.2025,0.7974,26327.0,4.1969,5.2639,4.9095,18,12,1.2541,0.8699,115,2.0,2.0,4.0,erratic,strong,all_year
phaelenopsis,6273,5337,936,0.1492,0.8508,22470.0,3.582,4.2102,3.77,18,12,1.175,0.8018,358,2.0,2.0,2.0,erratic,strong,all_year
p.grasse,6273,6116,157,0.025,0.975,217759.0,34.7137,35.6048,38.2816,18,12,1.0257,1.156,115,2.0,2.0,2.0,erratic,strong,all_year
alluadia,6273,1,6272,0.9998,0.0002,1.0,0.0002,1.0,,18,1,,,171,,,,insufficient,weak,very_narrow
aronia,6273,1,6272,0.9998,0.0002,1.0,0.0002,1.0,,18,1,,,89,,,,insufficient,weak,very_narrow
bonsai juniperus,6273,1,6272,0.9998,0.0002,1.0,0.0002,1.0,,18,1,,,116,,,,insufficient,weak,very_narrow
browningia,6273,1,6272,0.9998,0.0002,1.0,0.0002,1.0,,18,1,,,58,,,,insufficient,weak,very_narrow
butia,6273,1,6272,0.9998,0.0002,1.0,0.0002,1.0,,18,1,,,147,,,,insufficient,weak,very_narrow
cardo,6273,1,6272,0.9998,0.0002,1.0,0.0002,1.0,,18,1,,,165,,,,insufficient,weak,very_narrow
caryota,6273,1,6272,0.9998,0.0002,1.0,0.0002,1.0,,18,1,,,84,,,,insufficient,weak,very_narrow
faggio,6273,1,6272,0.9998,0.0002,1.0,0.0002,1.0,,18,1,,,37,,,,insufficient,weak,very_narrow
frassino,6273,1,6272,0.9998,0.0002,1.0,0.0002,1.0,,18,1,,,37,,,,insufficient,weak,very_narrow
nuphar,6273,1,6272,0.9998,0.0002,1.0,0.0002,1.0,,18,1,,,115,,,,insufficient,weak,very_narrow
palma washingtonia,6273,1,6272,0.9998,0.0002,1.0,0.0002,1.0,,18,1,,,158,,,,insufficient,weak,very_narrow
sandersonia,6273,1,6272,0.9998,0.0002,1.0,0.0002,1.0,,18,1,,,277,,,,insufficient,weak,very_narrow
sarcococca,6273,1,6272,0.9998,0.0002,1.0,0.0002,1.0,,18,1,,,337,,,,insufficient,weak,very_narrow
cheiridopsis,6273,1,6272,0.9998,0.0002,2.0,0.0003,2.0,,18,1,,,93,,,,insufficient,weak,very_narrow
dodonea,6273,1,6272,0.9998,0.0002,2.0,0.0003,2.0,,18,1,,,96,,,,insufficient,weak,very_narrow
biophytum,6273,2,6271,0.9997,0.0003,2.0,0.0003,1.0,0.0,18,2,87.0,0.0,145,,,,intermittent,weak,very_narrow
ceratophyllum,6273,2,6271,0.9997,0.0003,2.0,0.0003,1.0,0.0,18,1,9.0,0.0,101,,,,intermittent,weak,very_narrow
cumino,6273,2,6271,0.9997,0.0003,2.0,0.0003,1.0,0.0,18,1,6.0,0.0,83,,,,intermittent,weak,very_narrow
ficus robusta,6273,2,6271,0.9997,0.0003,2.0,0.0003,1.0,0.0,18,2,88.0,0.0,8,,,,intermittent,weak,very_narrow
hamamelis,6273,2,6271,0.9997,0.0003,2.0,0.0003,1.0,0.0,18,2,1114.0,0.0,116,120.5,125.0,129.5,intermittent,weak,very_narrow
mazus,6273,2,6271,0.9997,0.0003,2.0,0.0003,1.0,0.0,18,2,6.0,0.0,148,,,,intermittent,weak,very_narrow
sommacco,6273,2,6271,0.9997,0.0003,2.0,0.0003,1.0,0.0,18,1,380.0,0.0,164,167.5,171.0,174.5,intermittent,weak,very_narrow
tiglio,6273,2,6271,0.9997,0.0003,2.0,0.0003,1.0,0.0,18,2,42.0,0.0,309,,,,intermittent,weak,very_narrow
zenzero,6273,2,6271,0.9997,0.0003,2.0,0.0003,1.0,0.0,18,2,41.0,0.0,37,,,,intermittent,weak,very_narrow
caltha,6273,3,6270,0.9995,0.0005,3.0,0.0005,1.0,0.0,18,2,19.0,0.0,148,,,,intermittent,weak,very_narrow
exochorda,6273,3,6270,0.9995,0.0005,3.0,0.0005,1.0,0.0,18,2,3.0,0.0,91,,,,intermittent,weak,very_narrow
palma trachycarpus,6273,3,6270,0.9995,0.0005,3.0,0.0005,1.0,0.0,18,2,22.0,0.0,95,,,,intermittent,weak,very_narrow
pinus,6273,3,6270,0.9995,0.0005,3.0,0.0005,1.0,0.0,18,3,20.5,0.0,14,101.8,189.5,277.2,intermittent,weak,very_narrow
quercia da sughero,6273,3,6270,0.9995,0.0005,3.0,0.0005,1.0,0.0,18,2,1449.5,0.0,18,20.8,23.5,26.2,intermittent,weak,very_narrow
ruscus,6273,3,6270,0.9995,0.0005,3.0,0.0005,1.0,0.0,18,2,805.0,0.0,70,178.0,286.0,292.0,intermittent,weak,very_narrow
cedrus,6273,3,6270,0.9995,0.0005,4.0,0.0006,1.3333,0.5774,18,2,959.0,0.1875,158,204.0,250.0,257.5,intermittent,weak,very_narrow
mirabilis,6273,3,6270,0.9995,0.0005,4.0,0.0006,1.3333,0.5774,18,3,24.0,0.1875,80,,,,intermittent,weak,very_narrow
streptosolen,6273,3,6270,0.9995,0.0005,4.0,0.0006,1.3333,0.5774,18,2,2.0,0.1875,149,,,,intermittent,weak,very_narrow
kolkwitzia,6273,3,6270,0.9995,0.0005,5.0,0.0008,1.6667,1.1547,18,3,698.0,0.48,124,81.5,104.0,114.0,intermittent,weak,very_narrow
pimelea,6273,3,6270,0.9995,0.0005,5.0,0.0008,1.6667,1.1547,18,1,1.5,0.48,129,,,,intermittent,weak,very_narrow
typha,6273,3,6270,0.9995,0.0005,5.0,0.0008,1.6667,1.1547,18,1,3.0,0.48,149,,,,intermittent,weak,very_narrow
erba del bosco,6273,3,6270,0.9995,0.0005,6.0,0.001,2.0,1.0,18,3,255.5,0.25,100,136.5,173.0,209.5,intermittent,weak,very_narrow
lythrum,6273,3,6270,0.9995,0.0005,8.0,0.0013,2.6667,1.1547,18,1,5.5,0.1875,223,,,,intermittent,weak,very_narrow
scabiosa,6273,3,6270,0.9995,0.0005,8.0,0.0013,2.6667,1.1547,18,2,1106.5,0.1875,138,143.2,148.5,153.8,intermittent,weak,very_narrow
akebia,6273,4,6269,0.9994,0.0006,4.0,0.0006,1.0,0.0,18,2,978.0,0.0,74,79.2,84.5,89.8,intermittent,weak,very_narrow
bonsai ilex,6273,4,6269,0.9994,0.0006,4.0,0.0006,1.0,0.0,18,4,1273.6667,0.0,45,65.8,86.5,107.2,intermittent,weak,seasonal
colmanara,6273,4,6269,0.9994,0.0006,4.0,0.0006,1.0,0.0,18,1,5.6667,0.0,71,,,,intermittent,weak,very_narrow
cornus,6273,4,6269,0.9994,0.0006,4.0,0.0006,1.0,0.0,18,4,727.3333,0.0,24,28.5,33.0,66.5,intermittent,weak,seasonal
crestate,6273,4,6269,0.9994,0.0006,4.0,0.0006,1.0,0.0,18,3,106.0,0.0,159,207.8,256.5,305.2,intermittent,weak,very_narrow
fingerlime,6273,4,6269,0.9994,0.0006,4.0,0.0006,1.0,0.0,18,2,18.3333,0.0,95,,,,intermittent,weak,very_narrow
haworthia,6273,4,6269,0.9994,0.0006,4.0,0.0006,1.0,0.0,18,4,115.3333,0.0,4,64.0,124.0,184.0,intermittent,weak,seasonal
catregus,6273,4,6269,0.9994,0.0006,5.0,0.0008,1.25,0.5,18,4,1094.0,0.16,85,56.5,78.0,99.5,intermittent,weak,seasonal
senape,6273,4,6269,0.9994,0.0006,5.0,0.0008,1.25,0.5,18,1,7.0,0.16,64,,,,intermittent,weak,very_narrow
amelanchier,6273,4,6269,0.9994,0.0006,6.0,0.001,1.5,0.5774,18,2,141.3333,0.1481,37,51.8,66.5,81.2,intermittent,weak,very_narrow
empetro,6273,4,6269,0.9994,0.0006,6.0,0.001,1.5,0.5774,18,2,23.0,0.1481,284,,,,intermittent,weak,very_narrow
pellaea,6273,4,6269,0.9994,0.0006,6.0,0.001,1.5,0.5774,18,2,9.6667,0.1481,361,,,,intermittent,weak,very_narrow
doryopteris,6273,5,6268,0.9992,0.0008,5.0,0.0008,1.0,0.0,18,3,17.0,0.0,253,,,,intermittent,weak,very_narrow
palma rhapis,6273,5,6268,0.9992,0.0008,5.0,0.0008,1.0,0.0,18,4,42.5,0.0,10,89.8,169.5,249.2,intermittent,weak,seasonal
nepeta,6273,5,6268,0.9992,0.0008,6.0,0.001,1.2,0.4472,18,5,340.0,0.1389,254,64.8,117.5,178.2,intermittent,weak,seasonal
odontoglossum,6273,5,6268,0.9992,0.0008,6.0,0.001,1.2,0.4472,18,2,8.0,0.1389,92,,,,intermittent,weak,very_narrow
philirrea,6273,5,6268,0.9992,0.0008,8.0,0.0013,1.6,0.8944,18,3,11.75,0.3125,135,,,,intermittent,weak,very_narrow
calylophus,6273,5,6268,0.9992,0.0008,9.0,0.0014,1.8,0.8367,18,3,13.75,0.216,164,,,,intermittent,weak,very_narrow
dianella,6273,5,6268,0.9992,0.0008,11.0,0.0018,2.2,1.3038,18,3,41.0,0.3512,102,78.8,154.5,230.2,intermittent,weak,very_narrow
eucharis,6273,6,6267,0.999,0.001,6.0,0.001,1.0,0.0,18,4,37.6,0.0,107,161.2,215.5,269.8,intermittent,weak,seasonal
bonsai zelnova nire,6273,6,6267,0.999,0.001,7.0,0.0011,1.1667,0.4082,18,4,52.6,0.1224,358,72.8,143.5,214.2,intermittent,weak,seasonal
neobuxbaumia,6273,6,6267,0.999,0.001,7.0,0.0011,1.1667,0.4082,18,4,566.2,0.1224,148,101.5,134.0,167.5,intermittent,weak,seasonal
noce,6273,6,6267,0.999,0.001,7.0,0.0011,1.1667,0.4082,18,5,552.0,0.1224,40,37.2,165.0,301.2,intermittent,weak,seasonal
sambuco,6273,6,6267,0.999,0.001,7.0,0.0011,1.1667,0.4082,18,5,506.4,0.1224,86,85.5,116.5,135.0,intermittent,weak,seasonal
bonsai quercia,6273,6,6267,0.999,0.001,8.0,0.0013,1.3333,0.5164,18,5,598.6,0.15,39,34.8,167.0,304.5,intermittent,weak,seasonal
jatropha,6273,6,6267,0.999,0.001,9.0,0.0014,1.5,0.5477,18,3,21.2,0.1333,151,,,,intermittent,weak,very_narrow
choysia,6273,7,6266,0.9989,0.0011,7.0,0.0011,1.0,0.0,18,2,546.6667,0.0,61,68.5,76.0,83.5,intermittent,weak,very_narrow
dewinteria,6273,7,6266,0.9989,0.0011,7.0,0.0011,1.0,0.0,18,6,21.0,0.0,17,103.8,190.5,277.2,intermittent,weak,seasonal
ptilotus,6273,7,6266,0.9989,0.0011,7.0,0.0011,1.0,0.0,18,2,5.6667,0.0,153,,,,intermittent,weak,very_narrow
abete costeriana,6273,7,6266,0.9989,0.0011,8.0,0.0013,1.1429,0.378,18,5,479.0,0.1094,329,195.0,329.0,336.5,intermittent,weak,seasonal
ginkgo biloba,6273,7,6266,0.9989,0.0011,8.0,0.0013,1.1429,0.378,18,3,192.1667,0.1094,146,97.5,123.0,126.0,intermittent,weak,very_narrow
laburnum,6273,7,6266,0.9989,0.0011,8.0,0.0013,1.1429,0.378,18,3,801.8333,0.1094,120,81.8,94.0,103.5,intermittent,weak,very_narrow
bulbine,6273,7,6266,0.9989,0.0011,9.0,0.0014,1.2857,0.488,18,5,30.5,0.144,89,,,,intermittent,weak,seasonal
chinotto,6273,7,6266,0.9989,0.0011,9.0,0.0014,1.2857,0.7559,18,5,549.3333,0.3457,58,107.5,157.0,161.5,intermittent,weak,seasonal
hutchinsia,6273,7,6266,0.9989,0.0011,9.0,0.0014,1.2857,0.488,18,2,4.0,0.144,36,,,,intermittent,weak,very_narrow
palma excelsa,6273,7,6266,0.9989,0.0011,9.0,0.0014,1.2857,0.488,18,5,758.3333,0.144,92,91.0,99.5,127.5,intermittent,weak,seasonal
scutellaria,6273,7,6266,0.9989,0.0011,9.0,0.0014,1.2857,0.488,18,1,2.3333,0.144,102,,,,intermittent,weak,very_narrow
pulsatilla,6273,7,6266,0.9989,0.0011,10.0,0.0016,1.4286,0.7868,18,3,6.3333,0.3033,97,,,,intermittent,weak,very_narrow
dasylirion,6273,8,6265,0.9987,0.0013,8.0,0.0013,1.0,0.0,18,4,623.5714,0.0,43,67.2,121.0,132.0,intermittent,weak,seasonal
dyckia,6273,8,6265,0.9987,0.0013,8.0,0.0013,1.0,0.0,18,7,184.7143,0.0,125,152.8,225.0,298.5,intermittent,weak,broad_seasonal
cyrthanthus,6273,8,6265,0.9987,0.0013,11.0,0.0018,1.375,0.744,18,3,97.0,0.2928,159,81.0,108.0,133.5,intermittent,weak,very_narrow
cicoria,6273,8,6265,0.9987,0.0013,13.0,0.0021,1.625,0.9161,18,4,15.5714,0.3178,67,,,,intermittent,weak,seasonal
centaurea,6273,8,6265,0.9987,0.0013,17.0,0.0027,2.125,1.3562,18,4,706.0,0.4073,77,84.8,92.5,100.2,intermittent,weak,seasonal
archonto phoenix,6273,9,6264,0.9986,0.0014,9.0,0.0014,1.0,0.0,18,6,510.125,0.0,12,72.0,135.0,143.0,intermittent,weak,seasonal
edgeworthia,6273,9,6264,0.9986,0.0014,9.0,0.0014,1.0,0.0,18,6,598.875,0.0,21,48.0,59.5,64.5,intermittent,weak,seasonal
bonsai zelkova,6273,9,6264,0.9986,0.0014,10.0,0.0016,1.1111,0.3333,18,3,239.875,0.09,122,124.0,126.0,162.5,intermittent,weak,very_narrow
orchidea vanilla,6273,9,6264,0.9986,0.0014,10.0,0.0016,1.1111,0.3333,18,5,13.125,0.09,67,,,,intermittent,weak,seasonal
physocarpus,6273,9,6264,0.9986,0.0014,10.0,0.0016,1.1111,0.3333,18,4,370.5,0.09,145,83.8,124.0,150.8,intermittent,weak,seasonal
dischidia,6273,9,6264,0.9986,0.0014,15.0,0.0024,1.6667,0.866,18,2,4.125,0.27,114,,,,intermittent,weak,very_narrow
licuala,6273,9,6264,0.9986,0.0014,15.0,0.0024,1.6667,0.7071,18,5,147.75,0.18,250,40.0,63.0,113.0,intermittent,weak,seasonal
mertensia,6273,9,6264,0.9986,0.0014,18.0,0.0029,2.0,0.866,18,3,57.875,0.1875,107,110.0,114.0,118.0,intermittent,weak,very_narrow
mangrovia,6273,10,6263,0.9984,0.0016,10.0,0.0016,1.0,0.0,18,4,84.8889,0.0,19,20.5,22.0,188.0,intermittent,weak,seasonal
aristolochia,6273,10,6263,0.9984,0.0016,11.0,0.0018,1.1,0.3162,18,6,409.5556,0.0826,248,141.0,226.0,257.0,intermittent,weak,seasonal
cleistocactus,6273,10,6263,0.9984,0.0016,11.0,0.0018,1.1,0.3162,18,7,532.3333,0.0826,137,99.0,120.0,141.5,intermittent,weak,broad_seasonal
correa,6273,10,6263,0.9984,0.0016,11.0,0.0018,1.1,0.3162,18,4,84.0,0.0826,342,2.8,13.5,103.5,intermittent,weak,seasonal
nocciolo,6273,10,6263,0.9984,0.0016,11.0,0.0018,1.1,0.3162,18,6,565.7778,0.0826,162,108.8,131.0,183.8,intermittent,weak,seasonal
rafano,6273,10,6263,0.9984,0.0016,12.0,0.0019,1.2,0.4216,18,5,118.5556,0.1235,88,68.0,101.0,168.2,intermittent,weak,seasonal
formium,6273,10,6263,0.9984,0.0016,13.0,0.0021,1.3,0.6749,18,6,37.8889,0.2696,257,95.8,149.5,203.2,intermittent,weak,seasonal
nematanthus,6273,10,6263,0.9984,0.0016,13.0,0.0021,1.3,0.6749,18,5,11.1111,0.2696,108,,,,intermittent,weak,seasonal
achillea,6273,10,6263,0.9984,0.0016,14.0,0.0022,1.4,0.5164,18,4,51.6667,0.1361,169,162.2,163.5,164.8,intermittent,weak,seasonal
polaskia,6273,11,6262,0.9982,0.0018,11.0,0.0018,1.0,0.0,18,7,506.2,0.0,106,136.2,260.0,309.5,intermittent,weak,broad_seasonal
bonsai buxus,6273,11,6262,0.9982,0.0018,12.0,0.0019,1.0909,0.3015,18,4,154.8,0.0764,164,68.8,71.5,74.2,intermittent,weak,seasonal
carissa,6273,11,6262,0.9982,0.0018,12.0,0.0019,1.0909,0.3015,18,6,21.0,0.0764,270,74.2,139.5,204.8,intermittent,weak,seasonal
hydrangea quercifolia,6273,11,6262,0.9982,0.0018,16.0,0.0026,1.4545,0.5222,18,2,39.8,0.1289,141,149.2,157.5,165.8,intermittent,weak,very_narrow
ruellia,6273,11,6262,0.9982,0.0018,16.0,0.0026,1.4545,0.5222,18,5,35.6,0.1289,166,196.5,227.0,257.5,intermittent,weak,seasonal
gossypium,6273,11,6262,0.9982,0.0018,17.0,0.0027,1.5455,1.0357,18,5,149.1,0.4491,55,193.0,254.5,273.0,intermittent,weak,seasonal
radicchio,6273,11,6262,0.9982,0.0018,19.0,0.003,1.7273,0.9045,18,3,6.8,0.2742,75,,,,intermittent,weak,very_narrow
euphorbia tirocalli,6273,12,6261,0.9981,0.0019,12.0,0.0019,1.0,0.0,18,6,100.0909,0.0,49,37.2,49.0,70.2,intermittent,weak,seasonal
raoulia,6273,12,6261,0.9981,0.0019,15.0,0.0024,1.25,0.4523,18,7,175.1818,0.1309,266,132.0,257.0,260.0,intermittent,weak,broad_seasonal
habranthus,6273,12,6261,0.9981,0.0019,16.0,0.0026,1.3333,0.6513,18,4,42.0,0.2386,44,47.5,51.0,54.5,intermittent,weak,seasonal
lentisco,6273,12,6261,0.9981,0.0019,17.0,0.0027,1.4167,0.6686,18,5,122.8182,0.2227,265,108.0,151.0,235.5,intermittent,weak,seasonal
alcea,6273,12,6261,0.9981,0.0019,18.0,0.0029,1.5,0.9045,18,2,33.9091,0.3636,200,194.0,196.0,198.0,intermittent,weak,very_narrow
incarvillea,6273,13,6260,0.9979,0.0021,18.0,0.0029,1.3846,0.7679,18,5,93.25,0.3076,87,54.2,57.5,61.5,intermittent,weak,seasonal
symphoricarpos,6273,13,6260,0.9979,0.0021,18.0,0.0029,1.3846,0.7679,18,5,69.6667,0.3076,8,137.5,267.0,272.0,intermittent,weak,seasonal
alisso,6273,13,6260,0.9979,0.0021,25.0,0.004,1.9231,1.1152,18,3,3.9167,0.3363,105,,,,intermittent,weak,very_narrow
bonsai pepe,6273,14,6259,0.9978,0.0022,16.0,0.0026,1.1429,0.3631,18,6,287.8462,0.101,81,67.8,100.5,138.2,intermittent,weak,seasonal
taxus,6273,14,6259,0.9978,0.0022,16.0,0.0026,1.1429,0.3631,18,6,457.6923,0.101,107,130.0,172.0,249.0,intermittent,weak,seasonal
graminacee gynerium,6273,14,6259,0.9978,0.0022,21.0,0.0033,1.5,0.8549,18,8,210.5385,0.3248,343,55.0,82.0,293.0,intermittent,weak,broad_seasonal
palma,6273,15,6258,0.9976,0.0024,16.0,0.0026,1.0667,0.2582,18,9,285.2143,0.0586,127,56.2,92.5,140.8,intermittent,weak,broad_seasonal
mandorlo,6273,15,6258,0.9976,0.0024,19.0,0.003,1.2667,0.4577,18,7,239.6429,0.1306,56,55.5,57.0,175.0,intermittent,weak,broad_seasonal
hylocereus,6273,15,6258,0.9976,0.0024,21.0,0.0033,1.4,0.6325,18,6,18.0714,0.2041,70,,,,intermittent,weak,seasonal
pompelmo,6273,16,6257,0.9974,0.0026,16.0,0.0026,1.0,0.0,18,6,280.2667,0.0,130,83.2,106.0,120.2,intermittent,weak,seasonal
dypsis,6273,16,6257,0.9974,0.0026,19.0,0.003,1.1875,0.4031,18,10,237.4,0.1152,73,75.5,196.5,245.8,intermittent,weak,all_year
bracteantha,6273,16,6257,0.9974,0.0026,35.0,0.0056,2.1875,1.2764,18,2,24.5333,0.3405,114,102.8,105.5,108.2,intermittent,weak,very_narrow
dracena janet lind,6273,17,6256,0.9973,0.0027,20.0,0.0032,1.1765,0.7276,18,5,39.9375,0.3825,59,99.0,156.0,213.0,intermittent,weak,seasonal
albispina,6273,17,6256,0.9973,0.0027,21.0,0.0033,1.2353,0.4372,18,9,14.9375,0.1253,12,65.0,126.0,187.0,intermittent,weak,broad_seasonal
valeriana,6273,17,6256,0.9973,0.0027,22.0,0.0035,1.2941,0.7717,18,3,5.9375,0.3556,76,,,,intermittent,weak,very_narrow
coronilla,6273,17,6256,0.9973,0.0027,23.0,0.0037,1.3529,0.6063,18,2,297.5625,0.2009,85,69.0,78.0,86.0,intermittent,weak,very_narrow
chlidanthus,6273,17,6256,0.9973,0.0027,25.0,0.004,1.4706,0.8745,18,6,51.625,0.3536,221,53.0,54.0,58.0,intermittent,weak,seasonal
sparaxis,6273,18,6255,0.9971,0.0029,19.0,0.003,1.0556,0.2357,18,6,13.7647,0.0499,67,,,,intermittent,weak,seasonal
calicantus,6273,18,6255,0.9971,0.0029,20.0,0.0032,1.1111,0.3234,18,6,234.2941,0.0847,5,27.0,35.0,49.0,intermittent,weak,seasonal
cercis,6273,18,6255,0.9971,0.0029,20.0,0.0032,1.1111,0.3234,18,7,195.3529,0.0847,71,69.5,88.0,119.0,intermittent,weak,broad_seasonal
euria,6273,18,6255,0.9971,0.0029,21.0,0.0033,1.1667,0.3835,18,8,62.5882,0.108,71,32.8,55.0,71.0,intermittent,weak,broad_seasonal
anice,6273,18,6255,0.9971,0.0029,22.0,0.0035,1.2222,0.5483,18,8,249.8235,0.2013,95,79.5,82.0,84.5,intermittent,weak,broad_seasonal
borragine,6273,18,6255,0.9971,0.0029,24.0,0.0038,1.3333,0.767,18,4,152.3529,0.3309,98,90.0,106.5,123.2,intermittent,weak,seasonal
castagno,6273,18,6255,0.9971,0.0029,24.0,0.0038,1.3333,0.8402,18,8,171.5882,0.3971,70,55.5,70.0,107.5,intermittent,weak,broad_seasonal
lepismium,6273,19,6254,0.997,0.003,20.0,0.0032,1.0526,0.2294,18,9,56.2222,0.0475,209,31.5,47.0,76.0,intermittent,weak,broad_seasonal
tulbaghia,6273,19,6254,0.997,0.003,31.0,0.0049,1.6316,1.1161,18,9,325.0556,0.4679,76,112.0,162.0,169.5,intermittent,weak,broad_seasonal
coryllus,6273,20,6253,0.9968,0.0032,21.0,0.0033,1.05,0.2236,18,8,194.0,0.0454,66,73.8,102.0,116.5,intermittent,medium,broad_seasonal
dizygotheca,6273,20,6253,0.9968,0.0032,26.0,0.0041,1.3,0.7327,18,9,304.6842,0.3177,84,58.2,72.5,85.8,intermittent,medium,broad_seasonal
ozothamnus,6273,20,6253,0.9968,0.0032,28.0,0.0045,1.4,0.6806,18,2,134.7895,0.2363,96,100.5,107.0,112.0,intermittent,medium,very_narrow
scilla,6273,20,6253,0.9968,0.0032,28.0,0.0045,1.4,0.9403,18,8,283.9474,0.4511,87,51.5,95.0,122.0,intermittent,medium,broad_seasonal
afra,6273,21,6252,0.9967,0.0033,21.0,0.0033,1.0,0.0,18,8,65.4,0.0,126,20.0,62.5,108.0,intermittent,medium,broad_seasonal
mahonia,6273,21,6252,0.9967,0.0033,22.0,0.0035,1.0476,0.2182,18,8,253.45,0.0434,279,27.0,71.0,181.5,intermittent,medium,broad_seasonal
dracena gold coast,6273,21,6252,0.9967,0.0033,23.0,0.0037,1.0952,0.3008,18,8,43.75,0.0754,347,45.8,169.5,284.0,intermittent,medium,broad_seasonal
menta ananas,6273,21,6252,0.9967,0.0033,28.0,0.0045,1.3333,0.7303,18,4,74.0,0.3,137,85.5,87.0,96.5,intermittent,medium,seasonal
evolvulus,6273,21,6252,0.9967,0.0033,44.0,0.007,2.0952,1.3381,18,5,40.9,0.4079,151,147.0,158.0,169.0,intermittent,medium,seasonal
aguilegia,6273,21,6252,0.9967,0.0033,72.0,0.0115,3.4286,2.0633,18,2,1.45,0.3622,110,,,,intermittent,medium,very_narrow
gelso,6273,22,6251,0.9965,0.0035,24.0,0.0038,1.0909,0.2942,18,10,240.2381,0.0728,121,73.8,102.5,233.2,intermittent,medium,all_year
kerria japonica,6273,22,6251,0.9965,0.0035,27.0,0.0043,1.2273,0.5284,18,5,204.381,0.1854,37,70.0,75.0,95.0,intermittent,medium,seasonal
crescione,6273,23,6250,0.9963,0.0037,28.0,0.0045,1.2174,0.5184,18,7,16.2273,0.1814,278,50.2,59.5,68.8,intermittent,medium,broad_seasonal
porro,6273,23,6250,0.9963,0.0037,45.0,0.0072,1.9565,1.2239,18,4,4.2273,0.3913,89,,,,intermittent,medium,seasonal
nespolo,6273,24,6249,0.9962,0.0038,25.0,0.004,1.0417,0.2041,18,10,226.7391,0.0384,91,86.0,102.0,142.5,intermittent,medium,all_year
craspedia,6273,24,6249,0.9962,0.0038,33.0,0.0053,1.375,0.7109,18,9,62.7826,0.2673,287,84.0,197.0,285.0,intermittent,medium,broad_seasonal
arabis,6273,24,6249,0.9962,0.0038,45.0,0.0072,1.875,1.2619,18,3,142.0435,0.4529,39,56.0,62.0,64.0,intermittent,medium,very_narrow
clementino,6273,25,6248,0.996,0.004,26.0,0.0041,1.04,0.2,18,10,150.9167,0.037,61,51.0,65.5,74.8,intermittent,medium,all_year
philodendron adansonii,6273,25,6248,0.996,0.004,27.0,0.0043,1.08,0.4,18,7,37.125,0.1372,193,93.2,126.5,159.8,intermittent,medium,broad_seasonal
leucophyllum,6273,25,6248,0.996,0.004,28.0,0.0045,1.12,0.3317,18,5,183.9583,0.0877,241,225.5,240.0,241.8,intermittent,medium,seasonal
bletilla,6273,25,6248,0.996,0.004,32.0,0.0051,1.28,0.6137,18,6,64.2083,0.2299,52,46.0,47.0,52.0,intermittent,medium,seasonal
penstemon,6273,25,6248,0.996,0.004,37.0,0.0059,1.48,0.9183,18,4,138.3333,0.385,135,134.0,146.0,147.0,intermittent,medium,seasonal
homalomena,6273,26,6247,0.9959,0.0041,28.0,0.0045,1.0769,0.2717,18,11,54.04,0.0637,161,18.0,21.5,53.2,intermittent,medium,all_year
erba aglina,6273,26,6247,0.9959,0.0041,30.0,0.0048,1.1538,0.6127,18,9,12.6,0.282,274,60.2,84.5,108.8,intermittent,medium,broad_seasonal
erigeron,6273,26,6247,0.9959,0.0041,35.0,0.0056,1.3462,0.6288,18,7,139.56,0.2182,115,110.0,113.0,119.2,intermittent,medium,broad_seasonal
columnea krakatau,6273,26,6247,0.9959,0.0041,36.0,0.0057,1.3846,0.6373,18,7,168.76,0.2119,153,45.0,126.0,138.0,intermittent,medium,broad_seasonal
timo alberello,6273,26,6247,0.9959,0.0041,41.0,0.0065,1.5769,1.0648,18,8,45.64,0.456,322,17.5,54.5,137.5,intermittent,medium,broad_seasonal
giuggiolo,6273,27,6246,0.9957,0.0043,30.0,0.0048,1.1111,0.3203,18,9,228.1154,0.0831,339,57.0,119.0,281.0,intermittent,medium,broad_seasonal
heliconia,6273,28,6245,0.9955,0.0045,32.0,0.0051,1.1429,0.3563,18,11,146.5926,0.0972,140,82.2,123.0,184.8,intermittent,medium,all_year
tanaceto,6273,28,6245,0.9955,0.0045,32.0,0.0051,1.1429,0.4484,18,8,62.7037,0.1539,111,72.5,89.5,106.8,intermittent,medium,broad_seasonal
davallia,6273,28,6245,0.9955,0.0045,34.0,0.0054,1.2143,0.6862,18,11,138.9259,0.3194,328,52.2,190.5,277.8,intermittent,medium,all_year
pero,6273,28,6245,0.9955,0.0045,34.0,0.0054,1.2143,0.7868,18,10,133.2593,0.4198,285,22.2,59.0,102.2,intermittent,medium,all_year
gasteria,6273,28,6245,0.9955,0.0045,37.0,0.0059,1.3214,0.6696,18,7,45.7778,0.2568,145,140.5,145.0,149.0,intermittent,medium,broad_seasonal
acetosa,6273,28,6245,0.9955,0.0045,38.0,0.0061,1.3571,0.731,18,9,110.6667,0.2901,143,74.2,109.5,128.8,intermittent,medium,broad_seasonal
liquidambar,6273,29,6244,0.9954,0.0046,33.0,0.0053,1.1379,0.4411,18,10,182.0357,0.1503,243,69.0,97.0,247.5,intermittent,medium,all_year
philodendron imperial green,6273,29,6244,0.9954,0.0046,33.0,0.0053,1.1379,0.4411,18,7,47.1786,0.1503,292,141.8,198.5,233.5,intermittent,medium,broad_seasonal
issopo,6273,29,6244,0.9954,0.0046,35.0,0.0056,1.2069,0.4913,18,7,157.1071,0.1657,157,90.5,106.0,144.0,intermittent,medium,broad_seasonal
thunbergia,6273,29,6244,0.9954,0.0046,39.0,0.0062,1.3448,0.6139,18,8,118.6071,0.2084,125,113.0,150.0,220.8,intermittent,medium,broad_seasonal
erodium,6273,29,6244,0.9954,0.0046,45.0,0.0072,1.5517,0.8275,18,7,41.0714,0.2844,169,81.5,88.0,124.5,intermittent,medium,broad_seasonal
timo rasta,6273,29,6244,0.9954,0.0046,55.0,0.0088,1.8966,1.2634,18,3,53.5357,0.4437,86,33.2,38.5,43.8,intermittent,medium,very_narrow
dracena pleomele,6273,30,6243,0.9952,0.0048,32.0,0.0051,1.0667,0.2537,18,11,203.6552,0.0566,306,26.0,131.0,268.2,intermittent,medium,all_year
dracena ulises,6273,30,6243,0.9952,0.0048,33.0,0.0053,1.1,0.4026,18,11,62.8966,0.1339,213,27.0,29.0,64.0,intermittent,medium,all_year
salice,6273,30,6243,0.9952,0.0048,36.0,0.0057,1.2,0.4068,18,7,212.6552,0.1149,64,36.5,43.0,69.0,intermittent,medium,broad_seasonal
hemizygia,6273,30,6243,0.9952,0.0048,40.0,0.0064,1.3333,0.5467,18,11,43.5517,0.1681,313,18.2,143.5,267.5,intermittent,medium,all_year
erba lepre,6273,30,6243,0.9952,0.0048,43.0,0.0069,1.4333,0.8584,18,9,45.2069,0.3586,82,63.0,82.0,85.5,intermittent,medium,broad_seasonal
limequat,6273,30,6243,0.9952,0.0048,43.0,0.0069,1.4333,0.6789,18,7,16.1724,0.2244,68,63.2,67.5,71.8,intermittent,medium,broad_seasonal
capensis,6273,31,6242,0.9951,0.0049,40.0,0.0064,1.2903,0.8638,18,7,182.9333,0.4482,78,76.0,106.0,121.0,intermittent,medium,broad_seasonal
ampelopsis,6273,31,6242,0.9951,0.0049,46.0,0.0073,1.4839,0.7244,18,10,171.7333,0.2383,71,71.0,73.0,92.0,intermittent,medium,all_year
crocosmia,6273,32,6241,0.9949,0.0051,35.0,0.0056,1.0938,0.2961,18,8,100.6452,0.0733,44,43.0,44.0,57.0,intermittent,medium,broad_seasonal
philodendron imperial red,6273,34,6239,0.9946,0.0054,35.0,0.0056,1.0294,0.1715,18,12,60.6667,0.0278,145,43.0,44.0,57.0,intermittent,medium,all_year
kniphofia,6273,34,6239,0.9946,0.0054,38.0,0.0061,1.1176,0.327,18,7,160.3636,0.0856,60,51.0,57.0,69.0,intermittent,medium,broad_seasonal
caco,6273,35,6238,0.9944,0.0056,39.0,0.0062,1.1143,0.3228,18,10,178.0588,0.0839,305,51.5,95.0,191.5,intermittent,medium,all_year
strobilanthes,6273,35,6238,0.9944,0.0056,41.0,0.0065,1.1714,0.4528,18,5,52.9412,0.1494,203,116.2,140.5,164.8,intermittent,medium,seasonal
westringeia,6273,35,6238,0.9944,0.0056,55.0,0.0088,1.5714,0.8501,18,5,173.9118,0.2927,73,80.0,84.5,91.5,intermittent,medium,seasonal
philadelphus,6273,36,6237,0.9943,0.0057,42.0,0.0067,1.1667,0.4472,18,7,137.2286,0.1469,130,84.2,103.5,124.8,intermittent,medium,broad_seasonal
erba san pietro,6273,36,6237,0.9943,0.0057,43.0,0.0069,1.1944,0.4672,18,7,44.6,0.153,78,56.5,68.0,72.5,intermittent,medium,broad_seasonal
cassia,6273,36,6237,0.9943,0.0057,45.0,0.0072,1.25,0.5542,18,5,146.3429,0.1966,233,186.0,213.0,249.5,intermittent,medium,seasonal
lupinus,6273,36,6237,0.9943,0.0057,56.0,0.0089,1.5556,0.8765,18,4,125.5714,0.3175,116,115.0,133.0,165.5,intermittent,medium,seasonal
cydonia,6273,36,6237,0.9943,0.0057,58.0,0.0092,1.6111,1.1027,18,3,178.1143,0.4684,71,44.0,58.0,72.5,intermittent,medium,very_narrow
bonsai retusa,6273,37,6236,0.9941,0.0059,38.0,0.0061,1.027,0.1644,18,12,75.5556,0.0256,353,27.8,84.5,226.0,intermittent,medium,all_year
philodendron squamiferum,6273,37,6236,0.9941,0.0059,39.0,0.0062,1.0541,0.2292,18,11,62.4722,0.0473,53,13.0,61.0,139.0,intermittent,medium,all_year
malva,6273,37,6236,0.9941,0.0059,45.0,0.0072,1.2162,0.4793,18,8,86.0556,0.1553,194,52.5,70.0,86.5,intermittent,medium,broad_seasonal
spirali,6273,37,6236,0.9941,0.0059,54.0,0.0086,1.4595,0.9005,18,12,85.8611,0.3807,322,63.0,94.0,266.0,intermittent,medium,all_year
weigelia,6273,37,6236,0.9941,0.0059,57.0,0.0091,1.5405,0.8026,18,6,159.4167,0.2714,121,104.5,123.5,152.0,intermittent,medium,seasonal
acanthus,6273,37,6236,0.9941,0.0059,60.0,0.0096,1.6216,0.7941,18,6,75.4167,0.2398,240,145.0,236.0,240.0,intermittent,medium,seasonal
rhyncospermum,6273,37,6236,0.9941,0.0059,82.0,0.0131,2.2162,1.4363,18,6,32.3889,0.42,76,84.0,116.5,189.2,intermittent,medium,seasonal
aspidistra,6273,38,6235,0.9939,0.0061,57.0,0.0091,1.5,0.8621,18,10,111.7027,0.3303,153,11.5,24.0,48.0,intermittent,medium,all_year
dracena janet graig,6273,39,6234,0.9938,0.0062,40.0,0.0064,1.0256,0.1601,18,12,18.5789,0.0244,266,12.0,19.0,30.5,intermittent,medium,all_year
ceropegia sandersonii,6273,39,6234,0.9938,0.0062,43.0,0.0069,1.1026,0.3074,18,12,10.5526,0.0777,70,36.2,47.5,58.8,intermittent,medium,all_year
araucaria,6273,39,6234,0.9938,0.0062,44.0,0.007,1.1282,0.3387,18,10,95.2632,0.0901,58,29.5,143.0,251.8,intermittent,medium,all_year
lamium,6273,39,6234,0.9938,0.0062,57.0,0.0091,1.4615,0.7199,18,5,69.1316,0.2426,100,66.8,69.5,81.2,intermittent,medium,seasonal
dracena dorado,6273,40,6233,0.9936,0.0064,47.0,0.0075,1.175,0.4465,18,7,41.8205,0.1444,249,4.8,122.5,248.2,intermittent,medium,broad_seasonal
abete nordmanniana,6273,40,6233,0.9936,0.0064,54.0,0.0086,1.35,0.7355,18,3,131.1795,0.2969,340,331.5,335.5,337.8,intermittent,medium,very_narrow
cattleya,6273,40,6233,0.9936,0.0064,57.0,0.0091,1.425,0.7808,18,10,73.5897,0.3002,260,52.0,85.0,236.5,intermittent,medium,all_year
polygonum,6273,40,6233,0.9936,0.0064,72.0,0.0115,1.8,1.0908,18,9,80.9744,0.3672,65,44.2,57.5,117.0,intermittent,medium,broad_seasonal
epiphyllum,6273,41,6232,0.9935,0.0065,46.0,0.0073,1.122,0.5097,18,11,145.75,0.2064,95,15.2,43.0,107.2,intermittent,medium,all_year
plumeria,6273,41,6232,0.9935,0.0065,48.0,0.0077,1.1707,0.3809,18,8,81.15,0.1059,124,54.0,84.0,138.0,intermittent,medium,broad_seasonal
hosta,6273,41,6232,0.9935,0.0065,58.0,0.0092,1.4146,0.7738,18,6,82.0,0.2992,131,115.0,121.0,128.0,intermittent,medium,seasonal
aporocactus,6273,42,6231,0.9933,0.0067,54.0,0.0086,1.2857,0.742,18,11,149.6829,0.333,126,78.0,100.0,118.0,intermittent,medium,all_year
arctotis,6273,43,6230,0.9931,0.0069,73.0,0.0116,1.6977,0.9138,18,6,94.619,0.2897,49,73.5,92.0,101.5,intermittent,medium,seasonal
equisetum,6273,44,6229,0.993,0.007,63.0,0.01,1.4318,0.8183,18,11,52.1163,0.3266,82,61.0,236.0,278.0,intermittent,medium,all_year
echium,6273,46,6227,0.9927,0.0073,55.0,0.0088,1.1957,0.4531,18,6,97.7778,0.1436,81,63.0,73.0,79.0,intermittent,medium,seasonal
chaenomelis,6273,46,6227,0.9927,0.0073,56.0,0.0089,1.2174,0.4673,18,8,80.4444,0.1473,54,48.0,62.5,79.2,intermittent,medium,broad_seasonal
leucojum,6273,46,6227,0.9927,0.0073,56.0,0.0089,1.2174,0.417,18,7,20.0,0.1173,280,13.8,134.5,257.0,intermittent,medium,broad_seasonal
abutilon,6273,46,6227,0.9927,0.0073,62.0,0.0099,1.3478,0.6739,18,9,74.5556,0.25,136,94.0,111.0,133.0,intermittent,medium,broad_seasonal
dracena yellow coast,6273,47,6226,0.9925,0.0075,52.0,0.0083,1.1064,0.375,18,12,120.587,0.1149,105,9.5,41.0,72.5,intermittent,medium,all_year
ceropegia woodii,6273,47,6226,0.9925,0.0075,58.0,0.0092,1.234,0.5976,18,11,23.1739,0.2345,297,28.2,99.5,193.2,intermittent,medium,all_year
beloperone,6273,47,6226,0.9925,0.0075,61.0,0.0097,1.2979,0.6566,18,10,54.9348,0.2559,130,90.5,101.0,148.0,intermittent,medium,all_year
rucola,6273,48,6225,0.9923,0.0077,75.0,0.012,1.5625,0.9873,18,9,58.0213,0.3993,149,66.0,81.0,108.0,intermittent,medium,broad_seasonal
rhodanthemum,6273,48,6225,0.9923,0.0077,97.0,0.0155,2.0208,1.2115,18,3,32.5319,0.3594,75,66.8,67.5,70.2,intermittent,medium,very_narrow
callistephus,6273,48,6225,0.9923,0.0077,121.0,0.0193,2.5208,1.7503,18,3,71.0426,0.4821,224,216.2,229.0,237.0,intermittent,medium,very_narrow
caryopteris,6273,49,6224,0.9922,0.0078,81.0,0.0129,1.6531,0.9254,18,6,122.0625,0.3134,242,180.0,245.0,248.5,intermittent,medium,seasonal
galanthus,6273,51,6222,0.9919,0.0081,61.0,0.0097,1.1961,0.5299,18,11,74.36,0.1963,280,13.2,23.5,50.2,intermittent,medium,all_year
aloe cosmo,6273,51,6222,0.9919,0.0081,66.0,0.0105,1.2941,0.8554,18,10,93.72,0.4369,78,27.0,82.0,117.0,intermittent,medium,all_year
sedano rapa,6273,52,6221,0.9917,0.0083,73.0,0.0116,1.4038,0.9343,18,12,21.6863,0.4429,3,10.5,18.0,65.5,intermittent,medium,all_year
lothus,6273,52,6221,0.9917,0.0083,84.0,0.0134,1.6154,1.0319,18,9,15.0196,0.4081,129,61.0,64.0,95.0,intermittent,medium,broad_seasonal
livistona,6273,53,6220,0.9916,0.0084,65.0,0.0104,1.2264,0.4658,18,10,105.3462,0.1443,20,20.0,22.0,37.0,intermittent,medium,all_year
ixora,6273,53,6220,0.9916,0.0084,66.0,0.0105,1.2453,0.6172,18,7,26.3846,0.2457,247,144.0,146.0,246.0,intermittent,medium,broad_seasonal
soleirolia,6273,53,6220,0.9916,0.0084,74.0,0.0118,1.3962,0.7163,18,10,41.4808,0.2632,249,64.0,121.0,172.0,intermittent,medium,all_year
susino,6273,54,6219,0.9914,0.0086,60.0,0.0096,1.1111,0.3172,18,10,47.3019,0.0815,64,20.0,40.0,59.0,intermittent,medium,all_year
dracena warneckii,6273,55,6218,0.9912,0.0088,57.0,0.0091,1.0364,0.1889,18,11,54.5926,0.0332,47,17.0,45.5,59.8,intermittent,medium,all_year
euphorbia ingens,6273,55,6218,0.9912,0.0088,65.0,0.0104,1.1818,0.4342,18,11,88.1481,0.135,60,30.8,65.0,80.8,intermittent,medium,all_year
cidonia,6273,55,6218,0.9912,0.0088,74.0,0.0118,1.3455,0.7508,18,5,87.8704,0.3114,77,55.0,60.0,71.0,intermittent,medium,seasonal
hymenocallis,6273,56,6217,0.9911,0.0089,74.0,0.0118,1.3214,0.8114,18,8,54.3818,0.3771,214,48.0,54.5,67.2,intermittent,medium,broad_seasonal
lime,6273,57,6216,0.9909,0.0091,64.0,0.0102,1.1228,0.3311,18,11,67.3214,0.087,51,36.0,77.0,99.0,intermittent,medium,all_year
bietola,6273,57,6216,0.9909,0.0091,127.0,0.0202,2.2281,1.5471,18,4,1.9286,0.4821,103,,,,intermittent,medium,seasonal
pachipodium,6273,58,6215,0.9908,0.0092,62.0,0.0099,1.069,0.3169,18,12,105.8421,0.0879,240,42.0,66.0,127.5,intermittent,medium,all_year
phoenix,6273,60,6213,0.9904,0.0096,68.0,0.0108,1.1333,0.3428,18,12,94.1695,0.0915,145,43.5,85.0,142.5,intermittent,strong,all_year
neoregelia,6273,60,6213,0.9904,0.0096,79.0,0.0126,1.3167,0.8129,18,10,74.678,0.3811,278,22.5,46.0,203.0,intermittent,strong,all_year
zanthoxylum,6273,62,6211,0.9901,0.0099,82.0,0.0131,1.3226,0.672,18,12,50.2787,0.2582,164,59.0,69.5,90.8,intermittent,strong,all_year
scleranthus,6273,63,6210,0.99,0.01,83.0,0.0132,1.3175,0.7145,18,9,84.4194,0.2941,255,22.5,57.5,250.2,intermittent,strong,broad_seasonal
aucuba,6273,64,6209,0.9898,0.0102,74.0,0.0118,1.1562,0.4787,18,11,97.1429,0.1714,186,60.0,65.5,127.8,intermittent,strong,all_year
mandarino,6273,65,6208,0.9896,0.0104,72.0,0.0115,1.1077,0.359,18,11,24.2656,0.105,288,8.0,9.0,12.0,intermittent,strong,all_year
dracena draco,6273,66,6207,0.9895,0.0105,76.0,0.0121,1.1515,0.4383,18,12,23.4462,0.1449,65,13.0,33.0,135.0,intermittent,strong,all_year
digitalis,6273,66,6207,0.9895,0.0105,101.0,0.0161,1.5303,0.9801,18,6,67.1385,0.4102,151,104.2,128.0,143.5,intermittent,strong,seasonal
erica canaliculata,6273,67,6206,0.9893,0.0107,90.0,0.0143,1.3433,0.7293,18,8,57.2121,0.2948,54,23.0,36.5,58.0,intermittent,strong,broad_seasonal
streptocarpus,6273,67,6206,0.9893,0.0107,95.0,0.0151,1.4179,0.6775,18,8,53.0303,0.2283,86,81.2,93.0,120.0,intermittent,strong,broad_seasonal
andromeda,6273,67,6206,0.9893,0.0107,100.0,0.0159,1.4925,0.894,18,11,18.2424,0.3588,78,21.8,30.0,34.5,intermittent,strong,all_year
abete corona,6273,67,6206,0.9893,0.0107,108.0,0.0172,1.6119,1.1003,18,2,39.0152,0.466,342,328.8,329.0,332.8,intermittent,strong,very_narrow
philodendron cobra,6273,69,6204,0.989,0.011,73.0,0.0116,1.058,0.2354,18,11,45.2941,0.0495,74,26.0,38.0,231.0,intermittent,strong,all_year
zygopetalum,6273,69,6204,0.989,0.011,80.0,0.0128,1.1594,0.5036,18,12,48.1029,0.1887,46,34.5,72.0,98.5,intermittent,strong,all_year
paphiopedilum,6273,69,6204,0.989,0.011,81.0,0.0129,1.1739,0.3818,18,10,59.8088,0.1058,302,27.8,57.5,239.8,intermittent,strong,all_year
tibuchina,6273,73,6200,0.9884,0.0116,85.0,0.0136,1.1644,0.5004,18,11,59.9167,0.1847,220,33.5,154.0,223.5,intermittent,strong,all_year
acacia,6273,73,6200,0.9884,0.0116,93.0,0.0148,1.274,0.6294,18,12,23.0,0.2441,67,14.0,26.0,30.0,intermittent,strong,all_year
amaryllis,6273,76,6197,0.9879,0.0121,96.0,0.0153,1.2632,0.5506,18,7,68.9733,0.19,46,46.2,49.0,57.8,intermittent,strong,broad_seasonal
ciliegio,6273,76,6197,0.9879,0.0121,99.0,0.0158,1.3026,0.6932,18,10,82.6,0.2832,267,27.0,54.0,133.0,intermittent,strong,all_year
dracena compacta,6273,77,6196,0.9877,0.0123,81.0,0.0129,1.0519,0.2234,18,12,49.6053,0.0451,340,27.5,85.0,234.2,intermittent,strong,all_year
agretto,6273,79,6194,0.9874,0.0126,91.0,0.0145,1.1519,0.4554,18,10,61.2949,0.1563,104,10.8,29.0,40.8,intermittent,strong,all_year
cedro,6273,83,6190,0.9868,0.0132,87.0,0.0139,1.0482,0.2155,18,12,61.5244,0.0423,94,46.5,82.0,113.0,intermittent,strong,all_year
fagiolino,6273,83,6190,0.9868,0.0132,94.0,0.015,1.1325,0.3752,18,12,74.8171,0.1097,159,25.0,49.0,99.0,intermittent,strong,all_year
rabarbaro,6273,83,6190,0.9868,0.0132,122.0,0.0194,1.4699,0.8743,18,8,51.2073,0.3538,136,95.0,100.0,114.0,intermittent,strong,broad_seasonal
phylica,6273,83,6190,0.9868,0.0132,125.0,0.0199,1.506,0.8607,18,11,40.6463,0.3266,305,25.0,149.0,277.5,intermittent,strong,all_year
orostachys,6273,84,6189,0.9866,0.0134,128.0,0.0204,1.5238,0.9997,18,8,53.1566,0.4304,258,109.5,248.0,257.0,intermittent,strong,broad_seasonal
liatris,6273,85,6188,0.9864,0.0136,96.0,0.0153,1.1294,0.3712,18,9,73.8333,0.108,57,45.0,48.0,57.0,intermittent,strong,broad_seasonal
fatsia,6273,85,6188,0.9864,0.0136,98.0,0.0156,1.1529,0.4227,18,12,69.5119,0.1344,53,43.0,80.5,203.2,intermittent,strong,all_year
pesco,6273,85,6188,0.9864,0.0136,101.0,0.0161,1.1882,0.5454,18,12,69.131,0.2107,56,11.5,21.5,90.0,intermittent,strong,all_year
melo,6273,89,6184,0.9858,0.0142,101.0,0.0161,1.1348,0.3435,18,12,66.3409,0.0916,60,48.0,64.0,92.5,intermittent,strong,all_year
brassia,6273,90,6183,0.9857,0.0143,128.0,0.0204,1.4222,0.7786,18,12,63.5618,0.2997,83,71.5,85.5,216.8,intermittent,strong,all_year
aquilegia,6273,92,6181,0.9853,0.0147,203.0,0.0324,2.2065,1.449,18,4,52.3516,0.4313,101,91.0,93.5,102.0,intermittent,strong,seasonal
sterlizia reginae,6273,95,6178,0.9849,0.0151,104.0,0.0166,1.0947,0.463,18,12,65.4362,0.1788,133,21.5,48.0,76.0,intermittent,strong,all_year
aneto,6273,98,6175,0.9844,0.0156,139.0,0.0222,1.4184,0.7722,18,8,49.7113,0.2964,92,63.2,94.5,127.8,intermittent,strong,broad_seasonal
ficus amstel king,6273,99,6174,0.9842,0.0158,124.0,0.0198,1.2525,0.5596,18,12,50.449,0.1996,156,11.5,47.5,122.0,intermittent,strong,all_year
sterlizia,6273,100,6173,0.9841,0.0159,126.0,0.0201,1.26,0.8483,18,12,62.303,0.4533,170,22.0,56.5,88.5,intermittent,strong,all_year
polianthes,6273,101,6172,0.9839,0.0161,147.0,0.0234,1.4554,0.7553,18,12,62.2,0.2693,56,41.8,48.0,56.8,intermittent,strong,all_year
coda di scimmia,6273,102,6171,0.9837,0.0163,107.0,0.0171,1.049,0.217,18,12,27.4554,0.0428,147,31.0,42.0,55.0,intermittent,strong,all_year
coprosma,6273,102,6171,0.9837,0.0163,163.0,0.026,1.598,1.0833,18,12,51.0198,0.4595,298,49.0,74.0,228.0,intermittent,strong,all_year
calamondino,6273,103,6170,0.9836,0.0164,117.0,0.0187,1.1359,0.4654,18,12,52.5392,0.1679,78,27.2,73.0,79.8,intermittent,strong,all_year
dicentra,6273,104,6169,0.9834,0.0166,127.0,0.0202,1.2212,0.5016,18,7,60.4078,0.1687,73,42.2,48.0,64.0,intermittent,strong,broad_seasonal
tigrida,6273,104,6169,0.9834,0.0166,130.0,0.0207,1.25,0.6034,18,8,30.3981,0.233,53,46.5,52.0,56.0,intermittent,strong,broad_seasonal
euphorbia lactea,6273,106,6167,0.9831,0.0169,127.0,0.0202,1.1981,0.4455,18,12,51.5714,0.1383,355,22.2,71.5,236.0,intermittent,strong,all_year
pteris,6273,106,6167,0.9831,0.0169,141.0,0.0225,1.3302,0.7267,18,11,45.5048,0.2984,47,18.2,25.5,189.0,intermittent,strong,all_year
ceratostigma,6273,106,6167,0.9831,0.0169,167.0,0.0266,1.5755,0.9754,18,10,31.9619,0.3833,240,73.0,196.5,247.0,intermittent,strong,all_year
gentiana,6273,105,6167,0.9831,0.0167,184.0,0.0293,1.7714,1.2189,18,3,31.9904,0.4735,256,241.0,249.5,257.5,intermittent,strong,very_narrow
vanda,6273,111,6162,0.9823,0.0177,121.0,0.0193,1.0901,0.2876,18,9,56.7727,0.0696,354,28.0,91.0,133.0,intermittent,strong,broad_seasonal
rosmarino prostrato alberello,6273,111,6162,0.9823,0.0177,139.0,0.0222,1.2523,0.6805,18,11,33.2818,0.2953,145,29.5,59.0,66.0,intermittent,strong,all_year
aralia,6273,112,6161,0.9821,0.0179,133.0,0.0212,1.1875,0.5932,18,12,52.5495,0.2496,42,12.0,42.0,86.0,intermittent,strong,all_year
maranta,6273,112,6161,0.9821,0.0179,149.0,0.0238,1.3304,0.74,18,12,26.6216,0.3094,114,10.0,234.0,326.0,intermittent,strong,all_year
camelia sinensis,6273,112,6161,0.9821,0.0179,150.0,0.0239,1.3393,0.6232,18,12,25.7117,0.2165,116,45.0,62.0,113.0,intermittent,strong,all_year
cissus,6273,114,6159,0.9818,0.0182,130.0,0.0207,1.1404,0.4181,18,12,54.2478,0.1344,12,9.0,51.0,92.0,intermittent,strong,all_year
philodendron selloum,6273,117,6156,0.9813,0.0187,139.0,0.0222,1.188,0.4901,18,12,28.319,0.1702,172,6.5,10.0,173.0,intermittent,strong,all_year
alkekengi,6273,120,6153,0.9809,0.0191,180.0,0.0287,1.5,0.8982,18,9,49.2521,0.3585,255,222.0,253.0,255.0,intermittent,strong,broad_seasonal
dracena massangeana,6273,122,6151,0.9806,0.0194,133.0,0.0212,1.0902,0.2876,18,12,50.2645,0.0696,133,12.0,87.0,147.5,intermittent,strong,all_year
ficus cyathistipula,6273,123,6150,0.9804,0.0196,138.0,0.022,1.122,0.4166,18,12,50.2131,0.1379,12,5.2,14.0,249.2,intermittent,strong,all_year
ficus benjamin tronco intrecciato,6273,124,6149,0.9802,0.0198,138.0,0.022,1.1129,0.387,18,12,48.2195,0.1209,112,18.2,62.0,109.8,intermittent,strong,all_year
ribes,6273,125,6148,0.9801,0.0199,187.0,0.0298,1.496,0.8856,18,12,36.7742,0.3504,98,39.0,66.0,82.5,intermittent,strong,all_year
duranta,6273,128,6145,0.9796,0.0204,196.0,0.0312,1.5312,0.9469,18,8,34.9528,0.3824,178,134.0,148.0,163.5,intermittent,strong,broad_seasonal
oncidium,6273,131,6142,0.9791,0.0209,165.0,0.0263,1.2595,0.5202,18,11,34.7231,0.1706,129,67.0,116.0,133.0,intermittent,strong,all_year
coriandolo,6273,131,6142,0.9791,0.0209,193.0,0.0308,1.4733,0.8886,18,8,31.2846,0.3638,89,68.0,78.0,96.0,intermittent,strong,broad_seasonal
fritillaria,6273,135,6138,0.9785,0.0215,171.0,0.0273,1.2667,0.6253,18,7,44.3507,0.2437,296,17.0,49.0,255.0,intermittent,strong,broad_seasonal
berberis,6273,135,6138,0.9785,0.0215,199.0,0.0317,1.4741,0.9987,18,11,43.694,0.459,140,96.5,104.5,114.5,intermittent,strong,all_year
more,6273,138,6135,0.978,0.022,189.0,0.0301,1.3696,0.6949,18,12,38.2336,0.2574,87,29.0,47.0,61.5,intermittent,strong,all_year
clivia,6273,142,6131,0.9774,0.0226,192.0,0.0306,1.3521,0.7828,18,10,43.9929,0.3352,106,26.5,48.5,68.2,intermittent,strong,all_year
spiraea,6273,143,6130,0.9772,0.0228,224.0,0.0357,1.5664,0.9755,18,9,41.6761,0.3878,103,65.8,75.0,89.0,intermittent,strong,broad_seasonal
menta cioccolato,6273,144,6129,0.977,0.023,189.0,0.0301,1.3125,0.585,18,9,19.021,0.1987,105,50.8,63.5,74.5,intermittent,strong,broad_seasonal
bacche di goji,6273,146,6127,0.9767,0.0233,212.0,0.0338,1.4521,0.8637,18,12,30.6069,0.3538,127,28.2,52.5,79.2,intermittent,strong,all_year
banano,6273,148,6125,0.9764,0.0236,172.0,0.0274,1.1622,0.5601,18,12,38.2245,0.2322,208,43.0,98.0,129.2,intermittent,strong,all_year
artemisia,6273,151,6122,0.9759,0.0241,206.0,0.0328,1.3642,0.7347,18,12,29.8867,0.29,131,63.0,85.0,108.5,intermittent,strong,all_year
albuca,6273,153,6120,0.9756,0.0244,202.0,0.0322,1.3203,0.8083,18,12,12.3092,0.3748,133,16.8,51.5,144.0,intermittent,strong,all_year
leptospermum,6273,156,6117,0.9751,0.0249,234.0,0.0373,1.5,0.9605,18,10,33.5613,0.41,113,39.5,57.5,80.5,intermittent,strong,all_year
stevia,6273,156,6117,0.9751,0.0249,238.0,0.0379,1.5256,0.9602,18,12,36.6968,0.3961,130,78.2,94.5,126.0,intermittent,strong,all_year
oxalis,6273,157,6116,0.975,0.025,220.0,0.0351,1.4013,0.8613,18,12,37.4487,0.3778,122,42.2,49.0,56.5,intermittent,strong,all_year
allamanda,6273,157,6116,0.975,0.025,278.0,0.0443,1.7707,1.1922,18,6,24.1923,0.4534,206,202.0,216.0,242.5,intermittent,strong,seasonal
phormium,6273,158,6115,0.9748,0.0252,232.0,0.037,1.4684,0.8935,18,12,39.4395,0.3703,99,39.0,74.0,96.0,intermittent,strong,all_year
metrosideros,6273,161,6112,0.9743,0.0257,223.0,0.0355,1.3851,0.7911,18,12,36.975,0.3262,85,57.0,71.5,92.0,intermittent,strong,all_year
cereus,6273,163,6110,0.974,0.026,199.0,0.0317,1.2209,0.6088,18,12,37.537,0.2487,76,25.8,43.0,59.8,intermittent,strong,all_year
datura,6273,165,6108,0.9737,0.0263,198.0,0.0316,1.2,0.5319,18,12,36.122,0.1965,109,28.0,66.0,116.0,intermittent,strong,all_year
fagiolo,6273,169,6104,0.9731,0.0269,192.0,0.0306,1.1361,0.4992,18,11,35.8452,0.1931,130,24.8,38.0,51.5,intermittent,strong,all_year
lillac,6273,169,6104,0.9731,0.0269,221.0,0.0352,1.3077,0.6814,18,9,35.8155,0.2715,103,57.5,66.0,81.5,intermittent,strong,broad_seasonal
scalogno,6273,170,6103,0.9729,0.0271,237.0,0.0378,1.3941,0.7158,18,11,22.6036,0.2636,26,6.0,12.0,17.0,intermittent,strong,all_year
buddleia,6273,170,6103,0.9729,0.0271,252.0,0.0402,1.4824,0.8084,18,11,35.142,0.2974,143,45.0,79.0,102.0,intermittent,strong,all_year
lampone,6273,176,6097,0.9719,0.0281,342.0,0.0545,1.9432,1.3553,18,12,33.2514,0.4864,86,26.5,74.0,85.5,intermittent,strong,all_year
rosa spalliera,6273,179,6094,0.9715,0.0285,289.0,0.0461,1.6145,1.0872,18,10,33.4101,0.4535,136,67.0,101.0,125.0,intermittent,strong,all_year
fico,6273,180,6093,0.9713,0.0287,233.0,0.0371,1.2944,0.7673,18,12,28.7151,0.3514,165,29.0,51.0,96.0,intermittent,strong,all_year
passiflora,6273,181,6092,0.9711,0.0289,258.0,0.0411,1.4254,0.7755,18,12,32.3667,0.296,80,51.0,67.0,92.0,intermittent,strong,all_year
dracena fragrans,6273,182,6091,0.971,0.029,238.0,0.0379,1.3077,0.6597,18,12,15.6906,0.2545,20,6.2,15.0,61.8,intermittent,strong,all_year
gynura,6273,184,6089,0.9707,0.0293,234.0,0.0373,1.2717,0.629,18,12,17.5956,0.2447,105,20.0,37.0,127.0,intermittent,strong,all_year
bergamotto,6273,187,6086,0.9702,0.0298,236.0,0.0376,1.262,0.719,18,12,33.5591,0.3246,358,16.0,47.0,67.0,intermittent,strong,all_year
bignonia,6273,193,6080,0.9692,0.0308,275.0,0.0438,1.4249,0.8635,18,11,29.1771,0.3673,289,44.5,76.0,115.0,intermittent,strong,all_year
callisia,6273,196,6077,0.9688,0.0312,299.0,0.0477,1.5255,0.9306,18,12,16.6154,0.3721,71,5.0,34.0,97.8,intermittent,strong,all_year
allium,6273,197,6076,0.9686,0.0314,267.0,0.0426,1.3553,0.7324,18,11,31.6786,0.292,305,14.0,25.0,63.0,intermittent,strong,all_year
patata,6273,198,6075,0.9684,0.0316,304.0,0.0485,1.5354,0.9697,18,5,26.0609,0.3989,36,35.0,40.0,49.0,intermittent,strong,seasonal
camelia sasangua,6273,199,6074,0.9683,0.0317,279.0,0.0445,1.402,0.8815,18,12,24.2475,0.3953,200,7.0,17.0,102.0,intermittent,strong,all_year
hoya,6273,203,6070,0.9676,0.0324,278.0,0.0443,1.3695,0.722,18,12,21.9109,0.2779,64,15.5,35.0,90.0,intermittent,strong,all_year
forsythia,6273,203,6070,0.9676,0.0324,317.0,0.0505,1.5616,0.9492,18,12,29.9356,0.3694,79,47.0,61.0,65.0,intermittent,strong,all_year
cryptantus,6273,210,6063,0.9665,0.0335,306.0,0.0488,1.4571,0.8807,18,12,26.89,0.3653,267,14.2,26.0,69.5,intermittent,strong,all_year
philodendron scandens,6273,211,6062,0.9664,0.0336,259.0,0.0413,1.2275,0.5028,18,12,26.8571,0.1678,292,7.5,20.5,97.5,intermittent,strong,all_year
cipresso forma,6273,211,6062,0.9664,0.0336,330.0,0.0526,1.564,0.9358,18,12,28.6619,0.358,313,28.0,80.0,112.8,intermittent,strong,all_year
begonia maculata,6273,213,6060,0.966,0.034,275.0,0.0438,1.2911,0.6866,18,12,9.3491,0.2828,121,3.5,14.0,150.5,intermittent,strong,all_year
arachidi,6273,220,6053,0.9649,0.0351,263.0,0.0419,1.1955,0.4993,18,12,27.0868,0.1744,78,7.5,20.0,45.2,intermittent,strong,all_year
miltonia,6273,221,6052,0.9648,0.0352,314.0,0.0501,1.4208,0.8363,18,11,25.1409,0.3464,110,75.0,85.0,131.0,intermittent,strong,all_year
arancio,6273,227,6046,0.9638,0.0362,267.0,0.0426,1.1762,0.5193,18,12,27.2743,0.1949,78,32.5,54.5,77.2,intermittent,strong,all_year
pittosporum,6273,227,6046,0.9638,0.0362,392.0,0.0625,1.7269,1.1072,18,12,27.6283,0.4111,99,17.2,43.5,66.8,intermittent,strong,all_year
aloe,6273,230,6042,0.9632,0.0367,293.0,0.0467,1.2783,0.5615,18,12,25.7467,0.1929,98,28.0,68.0,168.0,intermittent,strong,all_year
philodendron,6273,237,6036,0.9622,0.0378,285.0,0.0454,1.2025,0.5299,18,12,18.9746,0.1942,286,15.0,20.0,26.0,intermittent,strong,all_year
euphorbiatrigona,6273,244,6029,0.9611,0.0389,293.0,0.0467,1.2008,0.5098,18,12,21.572,0.1803,120,10.0,36.0,142.0,intermittent,strong,all_year
melissa,6273,252,6021,0.9598,0.0402,375.0,0.0598,1.4881,0.9593,18,12,17.3785,0.4155,92,51.5,63.0,78.8,intermittent,strong,all_year
sanseveria zeylanica,6273,255,6018,0.9593,0.0407,302.0,0.0481,1.1843,0.4954,18,12,24.6102,0.175,324,7.0,13.0,23.0,intermittent,strong,all_year
ardisia,6273,262,6011,0.9582,0.0418,407.0,0.0649,1.5534,1.0185,18,8,23.8697,0.4299,342,6.2,29.5,300.5,intermittent,strong,broad_seasonal
erba pepe,6273,268,6005,0.9573,0.0427,425.0,0.0678,1.5858,1.0688,18,12,12.2959,0.4543,96,47.2,59.5,69.8,intermittent,strong,all_year
aglaonema,6273,275,5998,0.9562,0.0438,329.0,0.0524,1.1964,0.545,18,12,18.635,0.2076,280,10.0,12.0,16.0,intermittent,strong,all_year
cambria,6273,275,5998,0.9562,0.0438,349.0,0.0556,1.2691,0.7596,18,12,21.1971,0.3582,171,33.0,67.0,91.0,intermittent,strong,all_year
cordyline,6273,278,5995,0.9557,0.0443,425.0,0.0678,1.5288,1.0668,18,12,21.5632,0.487,85,8.0,23.0,47.0,intermittent,strong,all_year
dracena lemon lime,6273,280,5993,0.9554,0.0446,338.0,0.0539,1.2071,0.4863,18,12,20.6416,0.1623,53,7.0,15.0,61.0,intermittent,strong,all_year
magnolia,6273,286,5986,0.9542,0.0456,386.0,0.0615,1.3531,0.9009,18,12,21.7789,0.4433,75,44.2,56.0,63.8,intermittent,strong,all_year
asplenium,6273,289,5984,0.9539,0.0461,395.0,0.063,1.3668,0.9485,18,12,21.566,0.4816,61,6.0,8.5,47.5,intermittent,strong,all_year
cyperus,6273,304,5969,0.9515,0.0485,425.0,0.0678,1.398,0.9314,18,12,19.4983,0.4438,170,85.0,104.0,110.0,intermittent,strong,all_year
scindapsus pictus,6273,304,5969,0.9515,0.0485,488.0,0.0778,1.6053,1.0446,18,12,5.802,0.4235,135,12.5,41.5,78.0,intermittent,strong,all_year
kiwi,6273,304,5969,0.9515,0.0485,608.0,0.0969,2.0,1.3075,18,12,20.5809,0.4274,97,22.0,32.5,40.2,intermittent,strong,all_year
echinocactus grusonii,6273,311,5962,0.9504,0.0496,391.0,0.0623,1.2572,0.7081,18,12,20.0806,0.3172,263,7.2,16.5,46.5,intermittent,strong,all_year
"sanseveria zeylanica
",40,2,38,0.95,0.05,2.0,0.05,1.0,0.0,1,1,18.0,0.0,40,,,,intermittent,weak,very_narrow
aloe arborescens,6273,316,5957,0.9496,0.0504,379.0,0.0604,1.1994,0.5358,18,12,19.0254,0.1996,109,9.0,21.0,67.0,intermittent,strong,all_year
bonsai olivo,6273,316,5957,0.9496,0.0504,395.0,0.063,1.25,0.7833,18,12,18.8032,0.3926,283,7.0,12.0,70.0,intermittent,strong,all_year
platycerium,6273,328,5945,0.9477,0.0523,375.0,0.0598,1.1433,0.4569,18,12,19.0948,0.1597,41,13.2,20.5,39.5,intermittent,strong,all_year
aphelandra,6273,332,5941,0.9471,0.0529,481.0,0.0767,1.4488,0.8005,18,12,18.8701,0.3053,232,38.0,142.0,227.0,intermittent,strong,all_year
camelia,6273,340,5933,0.9458,0.0542,518.0,0.0826,1.5235,0.9878,18,12,18.3923,0.4204,64,13.0,52.0,132.0,intermittent,strong,all_year
lucky bamboo,6273,345,5928,0.945,0.055,517.0,0.0824,1.4986,0.9798,18,12,7.4244,0.4275,88,5.5,11.0,69.5,intermittent,strong,all_year
cocos nucifera,6273,349,5924,0.9444,0.0556,452.0,0.0721,1.2951,0.6079,18,12,16.3477,0.2203,155,86.5,111.0,205.0,intermittent,strong,all_year
agave,6273,352,5921,0.9439,0.0561,509.0,0.0811,1.446,0.8251,18,12,17.7293,0.3256,317,12.0,19.0,50.0,intermittent,strong,all_year
acero,6273,379,5894,0.9396,0.0604,527.0,0.084,1.3905,0.8005,18,12,16.5661,0.3314,97,38.5,61.5,75.8,intermittent,strong,all_year
cycas,6273,380,5893,0.9394,0.0606,495.0,0.0789,1.3026,0.5724,18,12,16.409,0.1931,145,9.5,29.0,48.8,intermittent,strong,all_year
finocchio,6273,387,5886,0.9383,0.0617,660.0,0.1052,1.7054,1.1788,18,12,14.4352,0.4778,120,37.0,67.5,77.8,intermittent,strong,all_year
thuja,6273,394,5878,0.937,0.0628,730.0,0.1164,1.8553,1.2709,18,12,15.9211,0.4692,275,13.0,41.0,75.5,intermittent,strong,all_year
adenium,6273,396,5877,0.9369,0.0631,553.0,0.0882,1.3965,0.8461,18,12,15.4076,0.3671,158,27.0,94.0,137.0,intermittent,strong,all_year
euphorbia eritrea,6273,402,5871,0.9359,0.0641,472.0,0.0752,1.1741,0.5989,18,12,15.5461,0.2601,146,5.2,13.0,77.2,intermittent,strong,all_year
opuntia,6273,413,5860,0.9342,0.0658,598.0,0.0953,1.4479,0.9656,18,12,15.0704,0.4447,275,8.8,19.0,72.5,intermittent,strong,all_year
rododendro,6273,413,5860,0.9342,0.0658,681.0,0.1086,1.6489,1.1343,18,12,14.915,0.4732,77,44.5,52.0,62.0,intermittent,strong,all_year
clusia,6273,418,5855,0.9334,0.0666,478.0,0.0762,1.1435,0.4308,18,12,12.6019,0.1419,354,5.0,11.0,34.2,intermittent,strong,all_year
ficus elastica,6273,426,5847,0.9321,0.0679,592.0,0.0944,1.3897,0.8882,18,12,14.7271,0.4085,126,5.5,11.5,17.0,intermittent,strong,all_year
alocasia,6273,433,5840,0.931,0.069,555.0,0.0885,1.2818,0.6079,18,12,12.5625,0.2249,44,4.0,21.0,114.0,intermittent,strong,all_year
ananas,6273,438,5835,0.9302,0.0698,569.0,0.0907,1.2991,0.6556,18,12,14.1579,0.2547,357,21.0,37.5,50.8,intermittent,strong,all_year
mirtillo,6273,459,5814,0.9268,0.0732,739.0,0.1178,1.61,0.9725,18,12,13.5546,0.3649,96,17.2,35.5,59.2,intermittent,strong,all_year
ceropegia linearis,6273,476,5797,0.9241,0.0759,745.0,0.1188,1.5651,1.0229,18,12,8.9916,0.4271,235,7.0,19.0,33.8,intermittent,strong,all_year
felce,6273,482,5791,0.9232,0.0768,694.0,0.1106,1.4398,0.9263,18,12,12.4137,0.4139,134,3.5,50.0,136.0,intermittent,strong,all_year
hoya carnosa,6273,488,5785,0.9222,0.0778,641.0,0.1022,1.3135,0.7006,18,12,12.0287,0.2845,254,5.8,15.0,53.0,intermittent,strong,all_year
felce microsorum,6273,503,5770,0.9198,0.0802,698.0,0.1113,1.3877,0.815,18,12,6.7211,0.3449,237,3.5,12.0,20.0,intermittent,strong,all_year
fresia,6273,518,5755,0.9174,0.0826,759.0,0.121,1.4653,0.8958,18,11,12.0387,0.3738,45,7.0,12.0,41.5,intermittent,strong,all_year
melograno,6273,560,5713,0.9107,0.0893,714.0,0.1138,1.275,0.6815,18,12,11.0805,0.2857,241,11.0,22.5,54.8,intermittent,strong,all_year
carnivora nepentes,6273,600,5673,0.9044,0.0956,736.0,0.1173,1.2267,0.5408,18,12,10.3907,0.1944,115,9.0,22.0,47.5,intermittent,strong,all_year
carnivora sarracenia,6273,616,5657,0.9018,0.0982,909.0,0.1449,1.4756,0.8683,18,12,8.813,0.3462,75,5.5,21.0,47.5,intermittent,strong,all_year
philodendron monstera,6273,640,5633,0.898,0.102,932.0,0.1486,1.4563,0.8923,18,12,8.072,0.3755,84,3.5,6.0,15.2,intermittent,strong,all_year
beaucarnea,6273,655,5618,0.8956,0.1044,792.0,0.1263,1.2092,0.5163,18,12,9.5306,0.1823,103,3.2,6.0,7.8,intermittent,strong,all_year
begonia rex,6273,685,5588,0.8908,0.1092,1026.0,0.1636,1.4978,0.9817,18,12,8.5643,0.4296,313,6.0,8.0,48.0,intermittent,strong,all_year
sterlizia nicolai,6273,693,5580,0.8895,0.1105,1097.0,0.1749,1.583,0.9284,18,12,3.9162,0.344,278,4.0,7.0,9.0,intermittent,strong,all_year
agrumi,6273,699,5574,0.8886,0.1114,1012.0,0.1613,1.4478,0.8231,18,12,7.5229,0.3232,77,5.5,14.0,29.5,intermittent,strong,all_year
ficus lyrata,6273,702,5571,0.8881,0.1119,891.0,0.142,1.2692,0.6344,18,12,8.873,0.2498,32,5.2,12.5,24.8,intermittent,strong,all_year
sanseveria cylindrica,6273,716,5557,0.8859,0.1141,1038.0,0.1655,1.4497,0.8969,18,12,8.7273,0.3828,357,4.0,13.0,36.8,intermittent,strong,all_year
areca,6273,743,5529,0.8814,0.1184,959.0,0.1529,1.2921,0.7265,18,12,8.4461,0.3162,72,2.2,5.0,10.2,intermittent,strong,all_year
ficus ginseng bonsai,6273,786,5487,0.8747,0.1253,1033.0,0.1647,1.3142,0.7749,18,12,7.9783,0.3477,358,4.0,9.0,17.8,intermittent,strong,all_year
limone,6273,786,5487,0.8747,0.1253,1143.0,0.1822,1.4542,0.9543,18,12,7.3873,0.4306,92,3.8,8.0,17.8,intermittent,strong,all_year
medinilla,6273,866,5406,0.8618,0.1381,1056.0,0.1683,1.2206,0.5189,18,12,7.2324,0.1807,358,3.0,5.5,13.0,intermittent,strong,all_year
kentia,6273,913,5359,0.8543,0.1455,1136.0,0.1811,1.2453,0.7631,18,12,6.875,0.3755,158,5.0,7.0,9.5,intermittent,strong,all_year
cymbidium,6273,914,5359,0.8543,0.1457,1292.0,0.206,1.4136,0.8037,18,11,6.8653,0.3232,44,3.0,4.0,7.8,intermittent,strong,all_year
aloe vera,6273,1041,5232,0.8341,0.1659,1418.0,0.226,1.3622,0.7341,18,12,6.0212,0.2904,243,4.0,7.5,16.5,intermittent,strong,all_year
pachira,6273,1048,5225,0.8329,0.1671,1327.0,0.2115,1.2662,0.6124,18,12,5.9723,0.2339,247,2.0,6.0,10.5,intermittent,strong,all_year
felce adiantum,6273,1068,5205,0.8297,0.1703,1655.0,0.2638,1.5496,1.0302,18,12,5.8707,0.4419,105,4.0,7.0,20.5,intermittent,strong,all_year
croton,6273,1110,5163,0.8231,0.1769,1631.0,0.26,1.4694,0.9267,18,12,5.1353,0.3978,51,4.0,4.5,7.2,intermittent,strong,all_year
aeschynantus,6273,1140,5133,0.8183,0.1817,1670.0,0.2662,1.4649,0.842,18,12,5.5022,0.3304,59,2.0,4.0,7.8,intermittent,strong,all_year
aechmea,6273,1160,5113,0.8151,0.1849,1576.0,0.2512,1.3586,0.7517,18,12,5.4029,0.3061,358,3.5,6.0,11.0,intermittent,strong,all_year
schefflera,6273,1191,5082,0.8101,0.1899,1581.0,0.252,1.3275,0.6849,18,12,5.2445,0.2662,268,4.0,5.0,11.0,intermittent,strong,all_year
dracena marginata,6273,1257,5016,0.7996,0.2004,1732.0,0.2761,1.3779,0.7505,18,12,4.9912,0.2967,63,2.2,4.0,7.8,intermittent,strong,all_year
bonsai,6273,1327,4946,0.7885,0.2115,1821.0,0.2903,1.3723,0.7864,18,12,4.7195,0.3284,357,4.0,6.0,9.0,intermittent,strong,all_year
dracena,6273,1547,4726,0.7534,0.2466,2310.0,0.3682,1.4932,1.0054,18,12,4.055,0.4533,25,2.0,3.5,6.0,intermittent,strong,all_year
ficus benjamin,6273,1573,4699,0.7491,0.2508,2290.0,0.3651,1.4565,0.8796,18,12,3.9803,0.3647,78,3.0,4.0,6.0,intermittent,strong,all_year
yucca,6273,1684,4589,0.7315,0.2685,2376.0,0.3788,1.4109,0.8039,18,12,3.7255,0.3246,358,2.2,4.5,5.0,intermittent,strong,all_year
zamioculcas,6273,2051,4222,0.673,0.327,3321.0,0.5294,1.6192,1.0769,18,12,3.0576,0.4424,106,2.0,3.0,6.0,intermittent,strong,all_year
erba gatta,6273,2437,3836,0.6115,0.3885,5237.0,0.8348,2.149,1.5027,18,12,2.5263,0.489,128,3.0,10.0,20.0,intermittent,strong,all_year
stetsonia,6273,2,6271,0.9997,0.0003,12.0,0.0019,6.0,5.6569,18,2,19.0,0.8889,131,,,,lumpy,weak,very_narrow
timo capitatus,6273,4,6269,0.9994,0.0006,7.0,0.0011,1.75,1.5,18,3,55.0,0.7347,333,134.0,184.0,234.0,lumpy,weak,very_narrow
pachissandra,6273,4,6269,0.9994,0.0006,20.0,0.0032,5.0,6.0553,18,3,318.3333,1.4667,149,79.5,149.0,219.5,lumpy,weak,very_narrow
myrsine,6273,5,6268,0.9992,0.0008,16.0,0.0026,3.2,2.7749,18,3,19.25,0.752,212,,,,lumpy,weak,very_narrow
viola labradorica,6273,6,6267,0.999,0.001,22.0,0.0035,3.6667,2.7325,18,2,2.2,0.5554,85,,,,lumpy,weak,very_narrow
spinacio,6273,7,6266,0.9989,0.0011,11.0,0.0018,1.5714,1.5119,18,2,9.1667,0.9256,62,,,,lumpy,weak,very_narrow
graminacee muhlenbergia,6273,7,6266,0.9989,0.0011,12.0,0.0019,1.7143,1.2536,18,5,641.3333,0.5347,163,153.2,228.0,293.2,lumpy,weak,seasonal
camomilla,6273,7,6266,0.9989,0.0011,15.0,0.0024,2.1429,2.1931,18,3,13.3333,1.0474,97,,,,lumpy,weak,very_narrow
swainsona,6273,8,6265,0.9987,0.0013,16.0,0.0026,2.0,1.8516,18,3,7.7143,0.8571,167,,,,lumpy,weak,very_narrow
oscularia,6273,10,6263,0.9984,0.0016,25.0,0.004,2.5,2.1731,18,3,567.8889,0.7556,89,97.5,106.0,114.5,lumpy,weak,very_narrow
fiordaliso,6273,10,6263,0.9984,0.0016,28.0,0.0045,2.8,2.3944,18,2,1.7778,0.7313,122,,,,lumpy,weak,very_narrow
cerastium,6273,11,6262,0.9982,0.0018,32.0,0.0051,2.9091,2.3433,18,2,39.2,0.6488,80,66.2,69.5,72.8,lumpy,weak,very_narrow
nicotiana,6273,11,6262,0.9982,0.0018,42.0,0.0067,3.8182,3.5162,18,2,3.3,0.8481,153,,,,lumpy,weak,very_narrow
betula,6273,14,6259,0.9978,0.0022,28.0,0.0045,2.0,1.7541,18,4,232.9231,0.7692,346,57.0,78.0,146.0,lumpy,weak,seasonal
cotinus,6273,15,6258,0.9976,0.0024,22.0,0.0035,1.4667,1.302,18,4,260.8571,0.7881,142,116.0,133.0,134.5,lumpy,weak,seasonal
clerodendrum,6273,16,6257,0.9974,0.0026,25.0,0.004,1.5625,1.5042,18,8,165.2667,0.9267,188,147.0,171.5,192.2,lumpy,weak,broad_seasonal
castanospermum,6273,17,6256,0.9973,0.0027,30.0,0.0048,1.7647,1.9852,18,6,10.4375,1.2656,365,85.8,167.5,249.2,lumpy,weak,seasonal
cephalophyllum,6273,17,6256,0.9973,0.0027,47.0,0.0075,2.7647,2.3057,18,2,2.875,0.6955,77,,,,lumpy,weak,very_narrow
confezione,6273,18,6255,0.9971,0.0029,27.0,0.0043,1.5,1.6891,18,6,22.2353,1.268,45,48.2,51.5,54.8,lumpy,weak,seasonal
triptomene,6273,18,6255,0.9971,0.0029,34.0,0.0054,1.8889,1.4507,18,4,92.0588,0.5899,80,58.0,59.0,60.0,lumpy,weak,seasonal
piretro,6273,19,6254,0.997,0.003,29.0,0.0046,1.5263,1.3068,18,7,22.6111,0.733,65,82.5,100.0,117.5,lumpy,weak,broad_seasonal
argyranthemum,6273,19,6254,0.997,0.003,38.0,0.0061,2.0,1.453,18,3,2.3889,0.5278,75,,,,lumpy,weak,very_narrow
abete ramo,6273,20,6253,0.9968,0.0032,66.0,0.0105,3.3,3.0796,18,2,39.0,0.8709,344,333.5,336.0,338.5,lumpy,medium,very_narrow
mangave,6273,21,6252,0.9967,0.0033,36.0,0.0057,1.7143,2.4524,18,6,63.7,2.0465,99,62.5,81.0,128.8,lumpy,medium,seasonal
dendranthemum,6273,21,6252,0.9967,0.0033,139.0,0.0222,6.619,8.1699,18,3,37.9,1.5235,301,146.5,278.0,288.5,lumpy,medium,very_narrow
bietole,6273,22,6251,0.9965,0.0035,51.0,0.0081,2.3182,1.8615,18,4,5.0952,0.6448,72,,,,lumpy,medium,seasonal
cotyledon,6273,23,6250,0.9963,0.0037,45.0,0.0072,1.9565,1.3973,18,3,11.5455,0.5101,77,,,,lumpy,medium,very_narrow
scindapsus white,6273,28,6245,0.9955,0.0045,47.0,0.0075,1.6786,1.3068,18,5,59.2593,0.6061,103,91.0,101.0,111.0,lumpy,medium,seasonal
isotoma,6273,30,6243,0.9952,0.0048,46.0,0.0073,1.5333,1.6761,18,6,132.7931,1.1948,198,113.0,197.0,226.0,lumpy,medium,seasonal
jacobinia,6273,30,6243,0.9952,0.0048,79.0,0.0126,2.6333,2.1413,18,3,2.0345,0.6612,50,,,,lumpy,medium,very_narrow
pachystachys,6273,32,6241,0.9949,0.0051,67.0,0.0107,2.0938,2.775,18,6,69.4194,1.7566,251,173.0,243.0,244.0,lumpy,medium,seasonal
syngonanthus,6273,37,6236,0.9941,0.0059,65.0,0.0104,1.7568,1.2997,18,4,2.5278,0.5473,290,,,,lumpy,medium,seasonal
muschio,6273,37,6236,0.9941,0.0059,66.0,0.0105,1.7838,1.2939,18,4,60.5,0.5262,344,268.2,315.5,334.2,lumpy,medium,seasonal
graminacee cortaderia,6273,40,6233,0.9936,0.0064,60.0,0.0096,1.5,1.086,18,9,141.7179,0.5242,84,39.8,161.5,244.0,lumpy,medium,broad_seasonal
graminacee miscanthus,6273,41,6232,0.9935,0.0065,66.0,0.0105,1.6098,1.4297,18,8,148.2,0.7888,133,135.0,164.0,252.5,lumpy,medium,broad_seasonal
cistus,6273,43,6230,0.9931,0.0069,73.0,0.0116,1.6977,1.2058,18,6,61.7381,0.5045,86,88.0,95.0,131.0,lumpy,medium,seasonal
phlomis,6273,43,6230,0.9931,0.0069,74.0,0.0118,1.7209,1.297,18,10,122.4524,0.568,117,49.5,58.0,88.5,lumpy,medium,all_year
protea,6273,44,6229,0.993,0.007,78.0,0.0124,1.7727,1.412,18,4,69.093,0.6344,89,71.0,87.5,103.5,lumpy,medium,seasonal
felicia,6273,46,6227,0.9927,0.0073,104.0,0.0166,2.2609,1.831,18,6,82.0444,0.6559,84,92.5,111.0,118.5,lumpy,medium,seasonal
acalypha,6273,48,6225,0.9923,0.0077,72.0,0.0115,1.5,1.0719,18,9,99.9149,0.5106,120,82.0,118.0,128.5,lumpy,medium,broad_seasonal
gomphrena,6273,50,6223,0.992,0.008,132.0,0.021,2.64,2.4391,18,4,9.2653,0.8536,202,155.2,160.5,165.8,lumpy,medium,seasonal
phlox,6273,50,6223,0.992,0.008,139.0,0.0222,2.78,3.177,18,5,111.6327,1.306,100,41.0,54.0,79.5,lumpy,medium,seasonal
carnivora drosera,6273,52,6221,0.9917,0.0083,92.0,0.0147,1.7692,1.3808,18,6,64.6863,0.6091,142,44.5,71.0,100.2,lumpy,medium,seasonal
calceolaria,6273,54,6219,0.9914,0.0086,141.0,0.0225,2.6111,2.6237,18,4,20.7547,1.0096,65,30.0,43.0,50.5,lumpy,medium,seasonal
pimpinella,6273,55,6218,0.9912,0.0088,78.0,0.0124,1.4182,1.1497,18,10,87.0556,0.6572,74,54.5,67.5,79.0,lumpy,medium,all_year
chamaerops,6273,55,6217,0.9911,0.0088,73.0,0.0116,1.3455,0.9854,18,10,105.6111,0.5364,33,34.8,67.5,93.2,lumpy,medium,all_year
potentilla,6273,56,6217,0.9911,0.0089,85.0,0.0136,1.5179,1.321,18,10,112.7091,0.7575,90,93.0,125.5,222.0,lumpy,medium,all_year
bouvardia,6273,56,6217,0.9911,0.0089,109.0,0.0174,1.9464,1.5424,18,7,38.3455,0.6279,86,76.8,103.5,150.5,lumpy,medium,broad_seasonal
coreopsis,6273,57,6216,0.9909,0.0091,105.0,0.0167,1.8421,1.449,18,4,91.5536,0.6187,159,139.0,152.0,155.0,lumpy,medium,seasonal
gaillardia,6273,58,6215,0.9908,0.0092,105.0,0.0167,1.8103,1.5498,18,4,90.9474,0.7329,153,123.0,152.0,153.5,lumpy,medium,seasonal
perovskia,6273,58,6215,0.9908,0.0092,117.0,0.0187,2.0172,2.0562,18,10,96.2105,1.039,141,99.8,137.5,237.5,lumpy,medium,all_year
diascia,6273,59,6214,0.9906,0.0094,110.0,0.0175,1.8644,1.3059,18,7,63.3621,0.4906,76,92.0,95.0,97.0,lumpy,medium,broad_seasonal
geraneo francesino,6273,59,6214,0.9906,0.0094,799.0,0.1274,13.5424,14.6597,18,4,13.6552,1.1718,77,93.5,113.0,117.0,lumpy,medium,seasonal
carota,6273,60,6213,0.9904,0.0096,127.0,0.0202,2.1167,2.3003,18,5,13.661,1.181,137,80.0,98.0,107.5,lumpy,strong,seasonal
asteriscus,6273,61,6212,0.9903,0.0097,166.0,0.0265,2.7213,2.7027,18,7,84.4167,0.9863,130,114.0,124.0,168.0,lumpy,strong,broad_seasonal
alternanthera,6273,63,6210,0.99,0.01,149.0,0.0238,2.3651,2.0344,18,6,50.6613,0.7399,283,143.0,249.0,250.0,lumpy,strong,seasonal
cipresso leylandii,6273,63,6210,0.99,0.01,190.0,0.0303,3.0159,2.5684,18,12,99.9355,0.7253,145,42.5,69.0,112.5,lumpy,strong,all_year
albicocco,6273,64,6209,0.9898,0.0102,104.0,0.0166,1.625,2.2075,18,9,91.7143,1.8454,106,17.0,27.5,55.5,lumpy,strong,broad_seasonal
canapa,6273,65,6208,0.9896,0.0104,150.0,0.0239,2.3077,1.9359,18,6,22.8906,0.7037,135,107.2,111.5,115.8,lumpy,strong,seasonal
rademarchera,6273,69,6204,0.989,0.011,87.0,0.0139,1.2609,0.9495,18,6,34.1618,0.5671,321,237.2,239.5,244.8,lumpy,strong,seasonal
prunus,6273,70,6203,0.9888,0.0112,110.0,0.0175,1.5714,1.8223,18,10,87.8551,1.3448,107,59.0,78.0,88.2,lumpy,strong,all_year
bergenia,6273,70,6203,0.9888,0.0112,133.0,0.0212,1.9,1.4461,18,10,66.913,0.5793,278,50.8,60.5,86.5,lumpy,strong,all_year
graminacee pennisetum,6273,70,6203,0.9888,0.0112,154.0,0.0245,2.2,3.5533,18,12,48.1449,2.6087,161,51.0,210.0,258.0,lumpy,strong,all_year
citisus,6273,71,6202,0.9887,0.0113,168.0,0.0268,2.3662,2.1128,18,5,73.0571,0.7973,93,73.0,89.0,99.0,lumpy,strong,seasonal
zucca ornamentale,6273,74,6199,0.9882,0.0118,184.0,0.0293,2.4865,1.9106,18,6,35.6575,0.5904,300,237.0,253.0,258.0,lumpy,strong,seasonal
criptomeria,6273,75,6198,0.988,0.012,114.0,0.0182,1.52,1.095,18,12,50.3649,0.5189,122,12.0,54.0,102.0,lumpy,strong,all_year
lysimachia,6273,75,6198,0.988,0.012,146.0,0.0233,1.9467,1.6917,18,9,80.6351,0.7552,151,119.0,149.0,273.0,lumpy,strong,broad_seasonal
hemerocallis,6273,76,6197,0.9879,0.0121,121.0,0.0193,1.5921,1.2773,18,6,83.0533,0.6436,62,49.0,50.0,86.0,lumpy,strong,seasonal
hardenbergia,6273,77,6196,0.9877,0.0123,126.0,0.0201,1.6364,1.404,18,5,67.7895,0.7362,95,39.0,47.0,55.0,lumpy,strong,seasonal
geraneo zonale,6273,77,6196,0.9877,0.0123,314.0,0.0501,4.0779,4.4803,18,5,48.3684,1.2071,116,115.2,120.5,131.8,lumpy,strong,seasonal
graminacee stipa,6273,81,6192,0.9871,0.0129,169.0,0.0269,2.0864,1.9183,18,12,40.45,0.8454,95,25.8,80.5,181.0,lumpy,strong,all_year
coleonema,6273,87,6186,0.9861,0.0139,137.0,0.0218,1.5747,1.1272,18,9,59.407,0.5124,78,58.0,71.0,81.5,lumpy,strong,broad_seasonal
delphinium,6273,87,6186,0.9861,0.0139,159.0,0.0253,1.8276,1.2868,18,4,47.814,0.4958,114,111.2,113.0,114.0,lumpy,strong,seasonal
lonicera,6273,93,6180,0.9852,0.0148,158.0,0.0252,1.6989,1.3415,18,12,66.587,0.6235,99,57.0,84.0,122.0,lumpy,strong,all_year
ramo abete,6273,93,6180,0.9852,0.0148,377.0,0.0601,4.0538,3.4019,18,2,31.8152,0.7043,336,327.5,328.0,333.0,lumpy,strong,very_narrow
tagete,6273,96,6177,0.9847,0.0153,282.0,0.045,2.9375,2.5867,18,10,53.5053,0.7754,146,98.0,118.5,145.0,lumpy,strong,all_year
leucothoe,6273,97,6176,0.9845,0.0155,156.0,0.0249,1.6082,1.4402,18,12,30.1667,0.8019,6,23.0,78.0,137.0,lumpy,strong,all_year
carillon,6273,97,6176,0.9845,0.0155,517.0,0.0824,5.3299,5.5971,18,4,11.6562,1.1028,146,110.5,114.0,115.5,lumpy,strong,seasonal
mitchella,6273,98,6175,0.9844,0.0156,203.0,0.0324,2.0714,2.4379,18,11,34.2577,1.3851,282,24.8,265.0,286.8,lumpy,strong,all_year
dipladenia vaschetta,6273,99,6174,0.9842,0.0158,191.0,0.0304,1.9293,1.5203,18,5,26.1837,0.6209,130,116.5,127.0,132.5,lumpy,strong,seasonal
sanvitalia,6273,99,6174,0.9842,0.0158,233.0,0.0371,2.3535,1.8368,18,4,48.8776,0.6091,143,82.5,102.5,121.8,lumpy,strong,seasonal
houttuynia,6273,101,6172,0.9839,0.0161,198.0,0.0316,1.9604,2.3829,18,8,55.65,1.4775,274,134.8,232.5,258.5,lumpy,strong,broad_seasonal
angelonia,6273,102,6171,0.9837,0.0163,191.0,0.0304,1.8725,1.6631,18,7,51.4356,0.7888,160,136.0,151.0,168.5,lumpy,strong,broad_seasonal
lattuga,6273,108,6165,0.9828,0.0172,1214.0,0.1935,11.2407,8.7871,18,6,2.0654,0.6111,115,,,,lumpy,strong,seasonal
abete excelsa,6273,110,6163,0.9825,0.0175,272.0,0.0434,2.4727,2.1448,18,2,26.9174,0.7524,342,327.0,332.0,333.5,lumpy,strong,very_narrow
lavanda dentata,6273,110,6163,0.9825,0.0175,272.0,0.0434,2.4727,2.4559,18,11,15.0734,0.9864,100,57.5,70.0,76.5,lumpy,strong,all_year
sagina,6273,111,6162,0.9823,0.0177,178.0,0.0284,1.6036,1.3093,18,11,31.8364,0.6666,303,19.8,68.5,99.2,lumpy,strong,all_year
eichornia,6273,111,6162,0.9823,0.0177,206.0,0.0328,1.8559,1.3938,18,7,7.1455,0.564,100,81.0,82.0,109.0,lumpy,strong,broad_seasonal
aeonium,6273,116,6157,0.9815,0.0185,155.0,0.0247,1.3362,0.9775,18,12,51.9739,0.5352,244,31.8,81.0,115.5,lumpy,strong,all_year
eliotropio,6273,120,6153,0.9809,0.0191,259.0,0.0413,2.1583,1.593,18,7,36.7731,0.5448,129,94.8,112.0,121.0,lumpy,strong,broad_seasonal
armeria,6273,120,6153,0.9809,0.0191,293.0,0.0467,2.4417,2.153,18,4,33.916,0.7775,56,36.0,54.0,54.0,lumpy,strong,seasonal
dragoncello,6273,121,6152,0.9807,0.0193,162.0,0.0258,1.3388,1.1587,18,10,34.825,0.749,208,63.5,76.5,106.0,lumpy,strong,all_year
aptenia,6273,124,6149,0.9802,0.0198,285.0,0.0454,2.2984,1.8257,18,12,33.6667,0.6309,223,57.5,77.0,211.0,lumpy,strong,all_year
bamboo,6273,126,6146,0.9798,0.0201,230.0,0.0367,1.8651,1.5355,18,12,47.288,0.6778,269,18.0,26.0,51.0,lumpy,strong,all_year
escallonia,6273,127,6146,0.9798,0.0202,257.0,0.041,2.0236,2.0255,18,12,49.1667,1.0018,104,56.5,71.5,105.5,lumpy,strong,all_year
melone,6273,128,6145,0.9796,0.0204,614.0,0.0979,4.7969,5.3365,18,6,35.1496,1.2376,134,85.2,108.5,116.0,lumpy,strong,seasonal
mecardonia,6273,130,6143,0.9793,0.0207,271.0,0.0432,2.0846,1.6189,18,7,30.8915,0.6031,137,127.5,135.5,163.8,lumpy,strong,broad_seasonal
daboecia,6273,133,6140,0.9788,0.0212,356.0,0.0568,2.6767,2.4138,18,8,31.6439,0.8132,246,150.8,239.0,242.8,lumpy,strong,broad_seasonal
leucanthemum,6273,137,6136,0.9782,0.0218,281.0,0.0448,2.0511,1.6553,18,10,21.4191,0.6513,154,87.0,123.0,134.0,lumpy,strong,all_year
echinacea,6273,139,6134,0.9778,0.0222,265.0,0.0422,1.9065,1.5031,18,8,33.4783,0.6216,187,165.8,173.5,186.8,lumpy,strong,broad_seasonal
anigozanthos,6273,141,6132,0.9775,0.0225,249.0,0.0397,1.766,1.3128,18,11,41.5143,0.5526,61,45.0,74.0,82.0,lumpy,strong,all_year
cotoneaster,6273,141,6132,0.9775,0.0225,310.0,0.0494,2.1986,2.0675,18,12,41.7071,0.8843,91,47.0,76.0,119.0,lumpy,strong,all_year
abete,6273,150,6123,0.9761,0.0239,318.0,0.0507,2.12,1.6826,18,10,27.1275,0.6299,341,96.5,186.0,327.5,lumpy,strong,all_year
erisinum,6273,153,6120,0.9756,0.0244,346.0,0.0552,2.2614,2.4623,18,8,40.8158,1.1855,74,26.0,54.0,65.0,lumpy,strong,broad_seasonal
aubretia,6273,157,6116,0.975,0.025,621.0,0.099,3.9554,4.6731,18,4,30.2756,1.3958,104,39.0,52.0,66.0,lumpy,strong,seasonal
frutti minori,6273,158,6115,0.9748,0.0252,321.0,0.0512,2.0316,1.5738,18,12,37.9236,0.6,85,44.2,65.5,91.2,lumpy,strong,all_year
arbusti,6273,165,6108,0.9737,0.0263,496.0,0.0791,3.0061,3.2526,18,12,11.2561,1.1707,73,6.5,23.0,185.8,lumpy,strong,all_year
levistico,6273,175,6098,0.9721,0.0279,300.0,0.0478,1.7143,1.2123,18,11,17.0402,0.5001,115,68.0,78.5,103.8,lumpy,strong,all_year
citronella,6273,175,6098,0.9721,0.0279,318.0,0.0507,1.8171,1.7256,18,12,26.0805,0.9018,145,28.8,82.0,106.5,lumpy,strong,all_year
lavanda pinnata,6273,178,6095,0.9716,0.0284,382.0,0.0609,2.1461,2.0228,18,12,29.548,0.8884,67,20.0,98.0,227.2,lumpy,strong,all_year
zucchino,6273,179,6094,0.9715,0.0285,1069.0,0.1704,5.9721,6.3374,18,6,4.6629,1.1261,160,57.0,61.0,61.5,lumpy,strong,seasonal
melanzana,6273,179,6094,0.9715,0.0285,1196.0,0.1907,6.6816,7.731,18,6,24.809,1.3388,113,65.8,90.0,116.5,lumpy,strong,seasonal
elicriso,6273,181,6092,0.9711,0.0289,435.0,0.0693,2.4033,1.9826,18,11,19.1,0.6806,121,57.5,65.0,82.5,lumpy,strong,all_year
geraneo odoroso,6273,184,6089,0.9707,0.0293,462.0,0.0736,2.5109,2.6837,18,7,28.2842,1.1424,100,85.0,95.0,128.0,lumpy,strong,broad_seasonal
papavero,6273,185,6088,0.9705,0.0295,412.0,0.0657,2.227,1.7731,18,10,24.163,0.6339,108,17.0,67.0,89.0,lumpy,strong,all_year
teucrium,6273,186,6087,0.9703,0.0297,426.0,0.0679,2.2903,2.5914,18,12,32.1243,1.2802,82,46.0,61.0,81.0,lumpy,strong,all_year
russelia,6273,187,6086,0.9702,0.0298,278.0,0.0443,1.4866,1.0644,18,12,26.1935,0.5126,232,63.2,102.0,182.2,lumpy,strong,all_year
rosa piramide,6273,188,6085,0.97,0.03,366.0,0.0583,1.9468,1.5979,18,11,31.8235,0.6737,127,87.0,105.0,121.0,lumpy,strong,all_year
myosotis,6273,189,6084,0.9699,0.0301,818.0,0.1304,4.328,5.3294,18,6,31.1117,1.5163,83,60.0,70.0,84.0,lumpy,strong,seasonal
cetriolo,6273,192,6081,0.9694,0.0306,1144.0,0.1824,5.9583,6.6497,18,5,4.3455,1.2455,118,62.5,64.0,86.5,lumpy,strong,seasonal
stapelia,6273,193,6080,0.9692,0.0308,359.0,0.0572,1.8601,1.7813,18,12,10.2865,0.9171,240,21.5,70.0,190.5,lumpy,strong,all_year
ligustro,6273,200,6073,0.9681,0.0319,389.0,0.062,1.945,1.8974,18,12,31.3668,0.9516,121,16.2,35.0,80.5,lumpy,strong,all_year
elaeagnus,6273,204,6069,0.9675,0.0325,494.0,0.0788,2.4216,2.261,18,12,30.8079,0.8718,150,10.0,34.0,66.0,lumpy,strong,all_year
zucca,6273,207,6066,0.967,0.033,736.0,0.1173,3.5556,3.5452,18,10,29.3107,0.9942,289,105.5,266.0,281.0,lumpy,strong,all_year
ruta,6273,208,6065,0.9668,0.0332,321.0,0.0512,1.5433,1.0893,18,12,16.9758,0.4982,316,50.0,76.0,84.0,lumpy,strong,all_year
rosa alberello,6273,209,6064,0.9667,0.0333,364.0,0.058,1.7416,1.4479,18,10,26.6202,0.6911,92,67.2,74.5,89.8,lumpy,strong,all_year
timo lady d,6273,209,6064,0.9667,0.0333,367.0,0.0585,1.756,1.4554,18,12,15.5529,0.6869,121,49.2,95.5,176.2,lumpy,strong,all_year
olea fragrans,6273,211,6062,0.9664,0.0336,389.0,0.062,1.8436,2.2016,18,12,29.5095,1.426,49,49.0,54.5,76.5,lumpy,strong,all_year
asparago,6273,213,6060,0.966,0.034,409.0,0.0652,1.9202,1.801,18,10,29.2075,0.8797,70,43.0,54.5,66.0,lumpy,strong,all_year
lobularia,6273,213,6060,0.966,0.034,573.0,0.0913,2.6901,2.2815,18,6,20.6085,0.7193,115,80.5,95.5,108.2,lumpy,strong,seasonal
geraneo interspecifico,6273,214,6059,0.9659,0.0341,549.0,0.0875,2.5654,2.2103,18,7,12.2066,0.7423,112,80.0,92.0,120.8,lumpy,strong,broad_seasonal
selaginella,6273,217,6056,0.9654,0.0346,351.0,0.056,1.6175,1.1849,18,10,28.8102,0.5366,354,4.0,12.0,309.2,lumpy,strong,all_year
rhaphiolepis,6273,218,6055,0.9652,0.0348,403.0,0.0642,1.8486,1.3441,18,12,28.0046,0.5286,101,60.2,63.5,87.2,lumpy,strong,all_year
orchidea,6273,221,6052,0.9648,0.0352,331.0,0.0528,1.4977,1.2707,18,12,27.1091,0.7198,66,9.0,49.0,257.0,lumpy,strong,all_year
timo serpillo,6273,221,6052,0.9648,0.0352,346.0,0.0552,1.5656,1.1166,18,12,23.15,0.5087,29,51.0,64.0,115.0,lumpy,strong,all_year
sedano,6273,221,6052,0.9648,0.0352,534.0,0.0851,2.4163,2.0335,18,11,24.1136,0.7082,107,62.0,82.5,129.8,lumpy,strong,all_year
ajuga,6273,233,6040,0.9629,0.0371,536.0,0.0854,2.3004,2.0161,18,12,18.1164,0.7681,330,36.0,83.0,146.0,lumpy,strong,all_year
exacum,6273,235,6038,0.9625,0.0375,674.0,0.1074,2.8681,2.8859,18,6,18.953,1.0125,200,151.0,157.5,176.5,lumpy,strong,seasonal
cotonaster,6273,236,6037,0.9624,0.0376,549.0,0.0875,2.3263,2.0955,18,12,15.2851,0.8114,104,14.0,26.0,46.0,lumpy,strong,all_year
fejoia,6273,241,6032,0.9616,0.0384,491.0,0.0783,2.0373,1.8288,18,12,25.8458,0.8057,322,13.0,28.5,46.8,lumpy,strong,all_year
ornitogallo,6273,242,6031,0.9614,0.0386,443.0,0.0706,1.8306,1.7019,18,9,18.5353,0.8644,98,49.0,64.0,71.0,lumpy,strong,broad_seasonal
erica cinerea,6273,242,6031,0.9614,0.0386,691.0,0.1102,2.8554,2.8721,18,9,23.0373,1.0117,342,4.2,224.5,252.5,lumpy,strong,broad_seasonal
eucalipto gunni,6273,243,6030,0.9613,0.0387,421.0,0.0671,1.7325,1.3691,18,12,23.9421,0.6245,145,25.5,65.5,112.8,lumpy,strong,all_year
timo foxley,6273,245,6028,0.9609,0.0391,441.0,0.0703,1.8,1.6286,18,12,12.9016,0.8187,113,21.0,55.0,73.0,lumpy,strong,all_year
anguria,6273,248,6025,0.9605,0.0395,1429.0,0.2278,5.7621,6.6488,18,5,15.0324,1.3314,148,98.8,111.0,115.0,lumpy,strong,seasonal
acacia mimosa,6273,249,6024,0.9603,0.0397,386.0,0.0615,1.5502,1.1353,18,11,24.0282,0.5363,67,18.8,33.5,41.0,lumpy,strong,all_year
leontopodium,6273,252,6021,0.9598,0.0402,476.0,0.0759,1.8889,1.3313,18,11,18.3546,0.4968,278,108.8,128.5,245.8,lumpy,strong,all_year
gelsomino,6273,255,6018,0.9593,0.0407,437.0,0.0697,1.7137,1.2768,18,12,23.0551,0.5551,101,51.0,60.5,75.0,lumpy,strong,all_year
eucalipto,6273,259,6014,0.9587,0.0413,471.0,0.0751,1.8185,1.5903,18,12,13.5388,0.7647,73,14.2,39.0,62.2,lumpy,strong,all_year
astilbe,6273,261,6012,0.9584,0.0416,528.0,0.0842,2.023,1.5663,18,11,20.1231,0.5995,97,57.2,68.5,77.0,lumpy,strong,all_year
kumquat,6273,262,6011,0.9582,0.0418,334.0,0.0532,1.2748,1.0653,18,12,23.9004,0.6984,144,11.8,34.5,52.8,lumpy,strong,all_year
piracantha,6273,267,6006,0.9574,0.0426,577.0,0.092,2.161,2.6244,18,12,23.0301,1.4748,92,13.5,47.0,99.0,lumpy,strong,all_year
agatea,6273,267,6006,0.9574,0.0426,682.0,0.1087,2.5543,2.3826,18,8,21.9436,0.87,78,58.0,74.0,90.0,lumpy,strong,broad_seasonal
corbezzolo,6273,269,6004,0.9571,0.0429,413.0,0.0658,1.5353,1.22,18,12,21.9925,0.6315,75,14.0,29.0,53.0,lumpy,strong,all_year
composizione p.grasse,6273,270,6003,0.957,0.043,556.0,0.0886,2.0593,1.8261,18,12,23.0929,0.7864,354,14.5,30.5,244.8,lumpy,strong,all_year
nertera,6273,271,6002,0.9568,0.0432,634.0,0.1011,2.3395,2.2728,18,10,19.9333,0.9438,136,92.0,138.0,235.0,lumpy,strong,all_year
hipericum,6273,272,6001,0.9566,0.0434,618.0,0.0985,2.2721,3.2016,18,12,22.9151,1.9857,189,55.2,71.0,95.8,lumpy,strong,all_year
erica arborea,6273,274,5999,0.9563,0.0437,708.0,0.1129,2.5839,2.4633,18,11,18.1758,0.9088,2,2.0,4.0,113.5,lumpy,strong,all_year
salvia ananas,6273,275,5998,0.9562,0.0438,420.0,0.067,1.5273,1.085,18,11,16.7263,0.5047,103,61.0,69.0,84.0,lumpy,strong,all_year
torenia,6273,281,5992,0.9552,0.0448,1319.0,0.2103,4.694,5.1094,18,5,7.95,1.1848,131,123.0,128.0,134.5,lumpy,strong,seasonal
dipladenia piramide,6273,287,5986,0.9542,0.0458,506.0,0.0807,1.7631,1.4116,18,8,19.2238,0.641,247,97.0,101.0,128.0,lumpy,strong,broad_seasonal
alloro,6273,288,5985,0.9541,0.0459,682.0,0.1087,2.3681,2.4388,18,12,20.6899,1.0606,112,20.0,47.0,77.0,lumpy,strong,all_year
ceanothus,6273,289,5984,0.9539,0.0461,610.0,0.0972,2.1107,1.7485,18,11,20.5521,0.6862,89,54.0,65.0,77.0,lumpy,strong,all_year
schizanthus,6273,289,5984,0.9539,0.0461,770.0,0.1227,2.6644,2.4327,18,4,19.1181,0.8337,78,45.5,53.0,64.0,lumpy,strong,seasonal
santolina,6273,292,5981,0.9535,0.0465,535.0,0.0853,1.8322,1.5182,18,12,16.8488,0.6867,117,50.0,84.0,148.0,lumpy,strong,all_year
menta mojito,6273,295,5978,0.953,0.047,703.0,0.1121,2.3831,2.2236,18,11,15.1122,0.8707,112,47.0,70.0,158.0,lumpy,strong,all_year
graminacee,6273,312,5960,0.9501,0.0497,496.0,0.0791,1.5929,1.2232,18,12,19.8842,0.5896,268,16.5,51.0,123.5,lumpy,strong,all_year
marimo,6273,317,5956,0.9495,0.0505,531.0,0.0846,1.6751,1.3067,18,12,5.4462,0.6085,86,7.0,9.0,31.0,lumpy,strong,all_year
viburnum,6273,328,5945,0.9477,0.0523,595.0,0.0949,1.814,1.6988,18,12,19.1743,0.877,82,6.2,14.0,46.8,lumpy,strong,all_year
alstroemeria,6273,328,5945,0.9477,0.0523,642.0,0.1023,1.9573,1.4243,18,8,18.0153,0.5295,121,87.0,93.5,102.2,lumpy,strong,broad_seasonal
gelsemium,6273,332,5941,0.9471,0.0529,534.0,0.0851,1.6084,1.1518,18,12,18.7523,0.5128,59,17.2,24.5,48.0,lumpy,strong,all_year
peperone,6273,338,5935,0.9461,0.0539,2296.0,0.366,6.7929,9.0386,18,8,13.1009,1.7705,115,97.8,160.0,198.2,lumpy,strong,broad_seasonal
lantana sellowiana,6273,343,5930,0.9453,0.0547,813.0,0.1296,2.3703,2.1192,18,9,17.8421,0.7994,83,74.5,103.0,134.2,lumpy,strong,broad_seasonal
eremophila,6273,346,5927,0.9448,0.0552,613.0,0.0977,1.7717,1.3862,18,12,15.5014,0.6122,92,46.5,64.5,69.5,lumpy,strong,all_year
lithodora,6273,346,5927,0.9448,0.0552,1649.0,0.2629,4.7659,5.3601,18,7,15.9507,1.2649,85,72.5,75.5,78.8,lumpy,strong,broad_seasonal
caladium,6273,357,5916,0.9431,0.0569,581.0,0.0926,1.6275,1.2079,18,7,13.8034,0.5509,128,91.5,98.5,104.8,lumpy,strong,broad_seasonal
wax flower,6273,359,5914,0.9428,0.0572,805.0,0.1283,2.2423,2.3098,18,7,16.4609,1.061,78,31.0,64.0,77.0,lumpy,strong,broad_seasonal
cipresso,6273,360,5913,0.9426,0.0574,788.0,0.1256,2.1889,2.0598,18,12,17.0028,0.8855,23,4.0,16.0,32.0,lumpy,strong,all_year
canna indica,6273,362,5911,0.9423,0.0577,592.0,0.0944,1.6354,1.2184,18,12,16.7535,0.555,88,41.0,44.0,48.0,lumpy,strong,all_year
codiaeum,6273,364,5909,0.942,0.058,545.0,0.0869,1.4973,2.1887,18,12,17.2534,2.137,101,6.5,8.0,24.5,lumpy,strong,all_year
mandevila,6273,365,5908,0.9418,0.0582,831.0,0.1325,2.2767,2.2793,18,10,6.6868,1.0023,153,75.0,88.0,102.0,lumpy,strong,all_year
elicrisio,6273,365,5907,0.9417,0.0582,1020.0,0.1626,2.7973,2.9608,18,9,14.3077,1.1204,81,59.0,74.0,95.2,lumpy,strong,broad_seasonal
nymphaea,6273,375,5898,0.9402,0.0598,700.0,0.1116,1.8667,1.5281,18,8,14.8235,0.6702,130,80.0,87.5,103.5,lumpy,strong,broad_seasonal
pieris,6273,376,5897,0.9401,0.0599,709.0,0.113,1.8856,1.6877,18,12,16.68,0.801,80,22.0,29.0,53.0,lumpy,strong,all_year
salvia tricolor,6273,379,5894,0.9396,0.0604,755.0,0.1204,1.9921,1.7435,18,12,15.5053,0.766,85,64.5,81.5,105.0,lumpy,strong,all_year
eustoma,6273,386,5887,0.9385,0.0615,1090.0,0.1738,2.8238,3.095,18,9,15.4753,1.2013,172,139.0,162.0,172.5,lumpy,strong,broad_seasonal
scaevola,6273,390,5883,0.9378,0.0622,917.0,0.1462,2.3513,1.9511,18,7,15.3316,0.6886,171,107.5,120.0,131.0,lumpy,strong,broad_seasonal
muehlenbeckia,6273,409,5863,0.9346,0.0652,771.0,0.1229,1.8875,1.8223,18,12,8.9877,0.932,279,7.0,22.0,53.0,lumpy,strong,all_year
juncus,6273,413,5860,0.9342,0.0658,631.0,0.1006,1.5278,1.2057,18,12,13.0364,0.6228,60,7.5,15.0,40.2,lumpy,strong,all_year
erica verticillata,6273,413,5860,0.9342,0.0658,1018.0,0.1623,2.4649,2.1057,18,9,11.5558,0.7298,295,189.0,236.0,254.0,lumpy,strong,broad_seasonal
menta limone,6273,416,5857,0.9337,0.0663,896.0,0.1428,2.1538,3.7353,18,12,12.4169,3.0075,196,59.5,85.5,124.2,lumpy,strong,all_year
calendula,6273,416,5857,0.9337,0.0663,1149.0,0.1832,2.762,3.1129,18,8,15.012,1.2702,73,8.0,25.0,36.0,lumpy,strong,broad_seasonal
violacciocca,6273,417,5856,0.9335,0.0665,1160.0,0.1849,2.7818,2.7723,18,6,14.9688,0.9932,85,24.8,45.5,55.0,lumpy,strong,seasonal
rhipsalidopsis,6273,424,5849,0.9324,0.0676,1045.0,0.1666,2.4646,2.514,18,12,14.7825,1.0405,118,11.0,44.0,78.5,lumpy,strong,all_year
drosanthemum,6273,426,5847,0.9321,0.0679,1106.0,0.1763,2.5962,2.544,18,12,14.3153,0.9602,111,63.0,76.0,100.0,lumpy,strong,all_year
cosmos,6273,429,5844,0.9316,0.0684,1898.0,0.3026,4.4242,4.7603,18,7,13.722,1.1577,122,102.8,117.0,140.0,lumpy,strong,broad_seasonal
rubus,6273,430,5843,0.9315,0.0685,878.0,0.14,2.0419,1.8954,18,12,14.4476,0.8617,67,35.0,51.5,65.8,lumpy,strong,all_year
rhipsalis,6273,434,5839,0.9308,0.0692,662.0,0.1055,1.5253,1.4029,18,12,9.2402,0.8459,95,3.5,7.0,34.5,lumpy,strong,all_year
osmanthus,6273,434,5839,0.9308,0.0692,724.0,0.1154,1.6682,1.4209,18,12,14.4688,0.7255,289,8.5,23.5,50.8,lumpy,strong,all_year
menta marocchina,6273,443,5830,0.9294,0.0706,878.0,0.14,1.9819,1.55,18,12,7.4412,0.6116,89,27.0,39.5,52.8,lumpy,strong,all_year
pomodoro,6273,447,5826,0.9287,0.0713,7061.0,1.1256,15.7964,23.5782,18,7,10.7399,2.2279,115,56.0,66.0,93.0,lumpy,strong,broad_seasonal
convallaria,6273,450,5823,0.9283,0.0717,1116.0,0.1779,2.48,2.6497,18,11,13.7038,1.1415,96,27.5,41.0,47.2,lumpy,strong,all_year
bacopa,6273,451,5822,0.9281,0.0719,1688.0,0.2691,3.7428,3.8228,18,6,13.0489,1.0432,103,77.0,83.0,96.0,lumpy,strong,seasonal
muscari,6273,452,5821,0.9279,0.0721,966.0,0.154,2.1372,1.9919,18,9,13.2395,0.8687,53,7.0,12.0,32.0,lumpy,strong,broad_seasonal
gypsophilla,6273,453,5820,0.9278,0.0722,1069.0,0.1704,2.3598,2.2608,18,8,13.7721,0.9179,137,43.2,51.0,60.5,lumpy,strong,broad_seasonal
erica,6273,457,5816,0.9271,0.0729,1158.0,0.1846,2.5339,2.2912,18,11,12.0899,0.8176,296,4.8,150.0,264.2,lumpy,strong,all_year
syngonium,6273,460,5813,0.9267,0.0733,624.0,0.0995,1.3565,1.1637,18,12,13.4597,0.7359,186,7.0,66.0,100.0,lumpy,strong,all_year
gaura,6273,465,5808,0.9259,0.0741,985.0,0.157,2.1183,1.7136,18,10,12.9203,0.6544,129,69.0,100.0,113.0,lumpy,strong,all_year
mandevilla,6273,465,5808,0.9259,0.0741,1007.0,0.1605,2.1656,2.6418,18,8,13.0927,1.4881,95,96.0,135.0,156.0,lumpy,strong,broad_seasonal
anemone,6273,467,5806,0.9256,0.0744,842.0,0.1342,1.803,1.6931,18,11,13.4292,0.8818,85,16.2,38.0,45.8,lumpy,strong,all_year
lewisia,6273,469,5804,0.9252,0.0748,986.0,0.1572,2.1023,1.8345,18,12,13.1581,0.7615,54,10.2,18.5,37.5,lumpy,strong,all_year
saxifraga,6273,470,5803,0.9251,0.0749,1502.0,0.2394,3.1957,3.3015,18,9,10.0597,1.0673,77,22.2,30.0,46.5,lumpy,strong,broad_seasonal
nipitella,6273,473,5800,0.9246,0.0754,780.0,0.1243,1.649,1.2704,18,12,11.0869,0.5935,121,15.5,49.0,77.0,lumpy,strong,all_year
hypoestes,6273,474,5799,0.9244,0.0756,1136.0,0.1811,2.3966,2.7146,18,12,8.5476,1.2829,140,24.2,53.0,136.8,lumpy,strong,all_year
lagestroemia,6273,478,5795,0.9238,0.0762,949.0,0.1513,1.9854,1.5999,18,11,12.3669,0.6494,230,62.0,97.0,131.0,lumpy,strong,all_year
heuchera,6273,479,5794,0.9236,0.0764,1026.0,0.1636,2.142,1.8206,18,12,11.6841,0.7224,292,14.8,21.0,56.8,lumpy,strong,all_year
hydrangea macrophylla,6273,482,5791,0.9232,0.0768,1079.0,0.172,2.2386,2.0369,18,10,11.711,0.8279,133,61.0,69.0,85.0,lumpy,strong,all_year
pianta,6273,483,5790,0.923,0.077,1014.0,0.1616,2.0994,1.9934,18,12,12.805,0.9016,143,4.8,18.5,91.5,lumpy,strong,all_year
hydrangea paniculata,6273,487,5786,0.9224,0.0776,864.0,0.1377,1.7741,1.3062,18,10,12.4444,0.542,98,67.0,80.0,121.0,lumpy,strong,all_year
convolvolo,6273,488,5785,0.9222,0.0778,1032.0,0.1645,2.1148,1.8032,18,11,12.2341,0.7271,104,57.0,67.0,81.0,lumpy,strong,all_year
boronia,6273,495,5778,0.9211,0.0789,1072.0,0.1709,2.1657,1.7636,18,12,8.8664,0.6631,88,18.0,32.0,36.0,lumpy,strong,all_year
hoya kerrii,6273,496,5777,0.9209,0.0791,1011.0,0.1612,2.0383,4.8007,18,12,4.4667,5.5472,233,6.0,11.0,21.0,lumpy,strong,all_year
sempervivum,6273,498,5775,0.9206,0.0794,1046.0,0.1667,2.1004,1.9701,18,12,11.8189,0.8798,236,10.8,59.5,97.8,lumpy,strong,all_year
agapanthus,6273,506,5767,0.9193,0.0807,822.0,0.131,1.6245,1.1678,18,11,12.3406,0.5167,59,40.0,43.5,47.8,lumpy,strong,all_year
coleus,6273,515,5758,0.9179,0.0821,1232.0,0.1964,2.3922,1.9281,18,9,10.8949,0.6496,135,96.5,112.0,123.2,lumpy,strong,broad_seasonal
carciofo,6273,515,5758,0.9179,0.0821,1909.0,0.3043,3.7068,3.221,18,12,9.1498,0.7551,101,41.2,49.0,59.5,lumpy,strong,all_year
timo,6273,517,5756,0.9176,0.0824,1103.0,0.1758,2.1335,2.1887,18,12,11.1395,1.0524,77,5.5,64.0,120.0,lumpy,strong,all_year
camelia japonica,6273,521,5752,0.9169,0.0831,863.0,0.1376,1.6564,1.2384,18,12,12.0231,0.559,67,6.0,17.0,32.0,lumpy,strong,all_year
graminacee festuca,6273,521,5752,0.9169,0.0831,1120.0,0.1785,2.1497,1.7858,18,12,11.8115,0.6901,289,7.0,22.0,86.2,lumpy,strong,all_year
cavolo,6273,523,5750,0.9166,0.0834,2021.0,0.3222,3.8642,4.056,18,12,5.9808,1.1017,282,60.2,63.5,69.8,lumpy,strong,all_year
menta glaciale,6273,545,5728,0.9131,0.0869,938.0,0.1495,1.7211,1.5551,18,12,7.296,0.8164,98,43.2,55.5,61.8,lumpy,strong,all_year
santoreggia,6273,546,5727,0.913,0.087,1162.0,0.1852,2.1282,2.069,18,12,6.3688,0.9451,117,30.5,44.0,57.0,lumpy,strong,all_year
perenni,6273,548,5725,0.9126,0.0874,2137.0,0.3407,3.8996,4.4095,18,12,9.3931,1.2786,71,25.8,45.0,52.8,lumpy,strong,all_year
begoniaelatior,6273,564,5709,0.9101,0.0899,1337.0,0.2131,2.3706,2.3471,18,12,10.9325,0.9803,128,49.8,93.5,125.5,lumpy,strong,all_year
crassula,6273,593,5680,0.9055,0.0945,919.0,0.1465,1.5497,1.2646,18,12,10.4932,0.6659,92,8.0,31.0,75.0,lumpy,strong,all_year
glicine,6273,594,5679,0.9053,0.0947,1113.0,0.1774,1.8737,1.4282,18,12,10.5093,0.581,101,27.0,44.0,53.0,lumpy,strong,all_year
callistemon,6273,596,5677,0.905,0.095,1068.0,0.1703,1.7919,1.4,18,12,10.484,0.6104,121,30.2,51.0,61.5,lumpy,strong,all_year
menta piperita,6273,600,5673,0.9044,0.0956,1274.0,0.2031,2.1233,1.9028,18,12,5.7696,0.8031,106,23.5,45.0,54.0,lumpy,strong,all_year
stephanotis,6273,603,5670,0.9039,0.0961,901.0,0.1436,1.4942,1.054,18,12,10.2093,0.4976,133,22.0,33.0,73.0,lumpy,strong,all_year
clematis,6273,603,5670,0.9039,0.0961,1250.0,0.1993,2.073,1.7122,18,12,10.3472,0.6822,108,29.2,37.0,50.8,lumpy,strong,all_year
cipresso nero,6273,607,5666,0.9032,0.0968,1229.0,0.1959,2.0247,1.7504,18,12,10.2063,0.7474,213,5.0,16.0,28.0,lumpy,strong,all_year
aglio,6273,618,5655,0.9015,0.0985,1146.0,0.1827,1.8544,1.6922,18,11,10.1248,0.8328,69,4.2,8.0,16.5,lumpy,strong,all_year
vite,6273,620,5653,0.9012,0.0988,1132.0,0.1805,1.8258,1.4742,18,12,10.1082,0.6519,13,11.2,19.5,34.0,lumpy,strong,all_year
solanum pseudocapsicum,6273,623,5650,0.9007,0.0993,1518.0,0.242,2.4366,2.1009,18,12,9.8167,0.7434,288,5.8,77.5,205.0,lumpy,strong,all_year
aster,6273,626,5647,0.9002,0.0998,2835.0,0.4519,4.5288,4.6355,18,10,9.4432,1.0477,244,144.0,228.0,241.0,lumpy,strong,all_year
lauro,6273,629,5644,0.8997,0.1003,2030.0,0.3236,3.2273,3.4734,18,12,9.9761,1.1583,87,5.8,11.5,24.8,lumpy,strong,all_year
nemesia,6273,639,5634,0.8981,0.1019,3174.0,0.506,4.9671,5.5995,18,8,9.2712,1.2708,92,42.0,47.0,61.5,lumpy,strong,broad_seasonal
menta,6273,642,5631,0.8977,0.1023,1286.0,0.205,2.0031,1.6083,18,12,6.0109,0.6446,98,13.0,42.0,70.5,lumpy,strong,all_year
bidens,6273,652,5621,0.8961,0.1039,1876.0,0.2991,2.8773,2.6658,18,7,9.0323,0.8584,98,62.0,72.0,81.0,lumpy,strong,broad_seasonal
senecio,6273,662,5611,0.8945,0.1055,1078.0,0.1718,1.6284,1.4006,18,12,8.6324,0.7397,275,5.0,11.0,18.0,lumpy,strong,all_year
sunpatiens,6273,668,5605,0.8935,0.1065,3715.0,0.5922,5.5614,5.5499,18,9,6.2714,0.9959,133,81.0,89.5,94.8,lumpy,strong,broad_seasonal
calibrachoa,6273,671,5602,0.893,0.107,5522.0,0.8803,8.2295,9.6953,18,6,8.9015,1.3879,121,78.5,91.0,102.5,lumpy,strong,seasonal
zinnia,6273,677,5596,0.8921,0.1079,2731.0,0.4354,4.034,4.2479,18,7,8.7751,1.1089,153,120.0,130.0,133.0,lumpy,strong,broad_seasonal
hawortia,6273,678,5595,0.8919,0.1081,1496.0,0.2385,2.2065,2.0672,18,12,3.1876,0.8777,356,4.0,5.0,15.5,lumpy,strong,all_year
graminacee carex,6273,678,5594,0.8918,0.1081,1490.0,0.2375,2.1991,2.0118,18,12,9.2526,0.8369,305,6.8,21.0,43.0,lumpy,strong,all_year
carnivora,6273,694,5579,0.8894,0.1106,1210.0,0.1929,1.7435,1.2381,18,12,8.9192,0.5043,148,19.2,57.5,96.8,lumpy,strong,all_year
oleandro,6273,697,5576,0.8889,0.1111,1454.0,0.2318,2.0861,1.8111,18,12,8.9454,0.7537,259,23.5,39.5,58.8,lumpy,strong,all_year
begonia dragon,6273,703,5570,0.8879,0.1121,2857.0,0.4554,4.064,3.9071,18,10,8.5228,0.9243,115,83.5,90.0,107.5,lumpy,strong,all_year
delosperma,6273,718,5555,0.8855,0.1145,2889.0,0.4605,4.0237,4.2862,18,10,8.3361,1.1348,112,64.2,76.0,92.2,lumpy,strong,all_year
scindapsus,6273,736,5537,0.8827,0.1173,1291.0,0.2058,1.7541,1.3645,18,12,8.3891,0.6051,50,10.0,18.0,24.0,lumpy,strong,all_year
ficus pumila,6273,742,5531,0.8817,0.1183,1463.0,0.2332,1.9717,2.1591,18,12,8.4399,1.1992,160,7.2,11.5,35.0,lumpy,strong,all_year
erica gracilis,6273,744,5529,0.8814,0.1186,3188.0,0.5082,4.2849,4.6154,18,11,8.2692,1.1602,271,23.0,229.0,234.0,lumpy,strong,all_year
mirto,6273,757,5516,0.8793,0.1207,1504.0,0.2398,1.9868,1.6793,18,12,8.209,0.7144,81,12.5,17.0,31.0,lumpy,strong,all_year
erba cipollina,6273,758,5515,0.8792,0.1208,1466.0,0.2337,1.934,1.7043,18,12,7.0674,0.7765,133,25.0,46.0,53.5,lumpy,strong,all_year
calibracoa,6273,776,5497,0.8763,0.1237,7693.0,1.2264,9.9137,11.6035,18,9,7.1213,1.37,121,76.5,87.0,95.0,lumpy,strong,broad_seasonal
picea,6273,779,5494,0.8758,0.1242,1414.0,0.2254,1.8151,1.6111,18,12,7.9319,0.7878,342,7.8,17.5,47.0,lumpy,strong,all_year
pentas,6273,781,5492,0.8755,0.1245,2508.0,0.3998,3.2113,2.8162,18,8,7.5795,0.7691,169,136.0,144.0,158.2,lumpy,strong,broad_seasonal
plumbago,6273,793,5480,0.8736,0.1264,1629.0,0.2597,2.0542,1.8204,18,12,7.6439,0.7853,130,45.0,67.0,95.0,lumpy,strong,all_year
erica darleyensis,6273,793,5480,0.8736,0.1264,2516.0,0.4011,3.1728,3.216,18,11,7.5859,1.0274,342,2.2,4.5,10.5,lumpy,strong,all_year
bellis,6273,793,5480,0.8736,0.1264,5396.0,0.8602,6.8045,9.5331,18,9,7.8876,1.9628,53,6.2,14.5,27.8,lumpy,strong,broad_seasonal
lantana,6273,811,5462,0.8707,0.1293,2304.0,0.3673,2.8409,2.9678,18,12,7.5852,1.0913,147,61.8,87.0,106.2,lumpy,strong,all_year
grevillea,6273,815,5458,0.8701,0.1299,1565.0,0.2495,1.9202,1.569,18,12,7.6265,0.6676,89,11.2,24.0,34.5,lumpy,strong,all_year
lobelia,6273,824,5449,0.8686,0.1314,2938.0,0.4684,3.5655,3.329,18,7,7.1665,0.8717,121,64.0,84.0,106.0,lumpy,strong,broad_seasonal
fioriture estive,6273,824,5449,0.8686,0.1314,70797.0,11.286,85.9187,95.7961,18,8,4.1361,1.2431,121,81.0,86.5,95.5,lumpy,strong,broad_seasonal
lantana camara,6273,832,5441,0.8674,0.1326,2477.0,0.3949,2.9772,3.0654,18,8,7.4188,1.0601,114,69.2,93.0,107.5,lumpy,strong,broad_seasonal
solanum jasminoides,6273,836,5437,0.8667,0.1333,2932.0,0.4674,3.5072,4.2515,18,12,7.1222,1.4695,97,65.0,86.0,104.0,lumpy,strong,all_year
solanum rantonetti,6273,838,5435,0.8664,0.1336,2720.0,0.4336,3.2458,3.7632,18,12,7.4707,1.3442,115,11.0,39.0,131.0,lumpy,strong,all_year
cedrina,6273,842,5431,0.8658,0.1342,1874.0,0.2987,2.2257,2.0555,18,12,6.8419,0.8529,121,18.2,49.0,70.2,lumpy,strong,all_year
gladiolo,6273,845,5428,0.8653,0.1347,1823.0,0.2906,2.1574,1.6975,18,12,7.3803,0.6191,70,40.2,43.0,45.0,lumpy,strong,all_year
frutti,6273,848,5425,0.8648,0.1352,1637.0,0.261,1.9304,1.5832,18,12,6.6187,0.6726,76,4.0,12.0,34.5,lumpy,strong,all_year
cuphea,6273,849,5424,0.8647,0.1353,2273.0,0.3623,2.6773,2.7732,18,11,7.1368,1.0729,167,74.0,89.0,126.0,lumpy,strong,all_year
piante acquatiche,6273,858,5415,0.8632,0.1368,2167.0,0.3454,2.5256,2.2869,18,12,6.9977,0.8199,123,66.0,77.0,90.0,lumpy,strong,all_year
crocus,6273,863,5409,0.8623,0.1376,1804.0,0.2876,2.0915,2.1001,18,11,6.9385,1.0082,45,4.0,5.5,10.8,lumpy,strong,all_year
cytisus,6273,871,5402,0.8612,0.1388,3043.0,0.4851,3.4937,4.1641,18,12,7.1356,1.4206,92,30.8,51.5,62.0,lumpy,strong,all_year
dendrobium,6273,877,5396,0.8602,0.1398,1323.0,0.2109,1.5086,1.1027,18,12,6.9703,0.5343,301,17.0,28.0,58.0,lumpy,strong,all_year
prezzemolo,6273,885,5388,0.8589,0.1411,2267.0,0.3614,2.5616,2.4122,18,12,6.9536,0.8868,115,8.0,51.0,98.0,lumpy,strong,all_year
rosa rampicante,6273,892,5381,0.8578,0.1422,2057.0,0.3279,2.3061,1.9897,18,12,7.0135,0.7445,153,25.0,46.0,52.0,lumpy,strong,all_year
anthirrinum,6273,908,5364,0.8551,0.1447,3732.0,0.5949,4.1123,4.6063,18,8,6.8479,1.2547,84,43.5,53.5,60.8,lumpy,strong,broad_seasonal
geraneo macranta,6273,946,5327,0.8492,0.1508,5127.0,0.8173,5.4197,6.863,18,6,6.2201,1.6036,121,74.0,81.0,88.0,lumpy,strong,seasonal
maggiorana,6273,951,5322,0.8484,0.1516,1738.0,0.2771,1.8275,1.4717,18,12,5.6274,0.6485,92,8.0,14.0,74.8,lumpy,strong,all_year
ilex,6273,951,5322,0.8484,0.1516,2349.0,0.3745,2.47,2.6618,18,12,6.5968,1.1613,342,2.0,5.0,11.5,lumpy,strong,all_year
polygala,6273,952,5321,0.8482,0.1518,2209.0,0.3521,2.3204,2.0711,18,12,6.5289,0.7967,100,30.5,41.0,54.0,lumpy,strong,all_year
solanum,6273,958,5315,0.8473,0.1527,2929.0,0.4669,3.0574,3.4265,18,12,6.4639,1.256,97,45.8,64.0,84.2,lumpy,strong,all_year
ranuncolo,6273,971,5302,0.8452,0.1548,5283.0,0.8422,5.4408,7.6863,18,11,6.4227,1.9958,77,8.8,24.0,41.0,lumpy,strong,all_year
basket,6273,1004,5269,0.8399,0.1601,4491.0,0.7159,4.4731,5.4896,18,12,5.9641,1.5061,115,68.0,77.0,89.0,lumpy,strong,all_year
sanseveria futura,6273,1015,5258,0.8382,0.1618,2063.0,0.3289,2.0325,1.6765,18,12,4.8373,0.6803,62,2.0,7.0,55.0,lumpy,strong,all_year
peonia,6273,1024,5249,0.8368,0.1632,2279.0,0.3633,2.2256,1.8201,18,12,6.131,0.6688,58,16.2,23.5,29.8,lumpy,strong,all_year
helxine,6273,1025,5248,0.8366,0.1634,1906.0,0.3038,1.8595,1.7286,18,12,5.9873,0.8642,127,7.0,19.0,50.0,lumpy,strong,all_year
nandina,6273,1036,5237,0.8348,0.1652,2018.0,0.3217,1.9479,1.5174,18,12,6.058,0.6069,337,3.2,6.0,11.8,lumpy,strong,all_year
brassica,6273,1037,5236,0.8347,0.1653,3448.0,0.5497,3.325,3.2826,18,8,6.0,0.9747,299,2.2,4.5,9.5,lumpy,strong,broad_seasonal
photinia,6273,1057,5216,0.8315,0.1685,4275.0,0.6815,4.0445,4.4265,18,12,5.9176,1.1978,92,7.2,13.5,21.5,lumpy,strong,all_year
origano,6273,1059,5214,0.8312,0.1688,2447.0,0.3901,2.3107,2.1333,18,12,5.1871,0.8523,85,10.5,35.0,62.2,lumpy,strong,all_year
chamaciparis,6273,1065,5208,0.8302,0.1698,2577.0,0.4108,2.4197,2.5615,18,12,5.89,1.1207,342,2.5,5.5,18.5,lumpy,strong,all_year
asparagus,6273,1067,5206,0.8299,0.1701,1821.0,0.2903,1.7067,1.2707,18,12,5.8227,0.5543,253,4.2,8.5,17.2,lumpy,strong,all_year
pernettya,6273,1070,5203,0.8294,0.1706,2447.0,0.3901,2.2869,1.9686,18,11,5.8148,0.741,302,2.2,3.5,6.8,lumpy,strong,all_year
euphorbia stella di natale,6273,1071,5202,0.8293,0.1707,24989.0,3.9836,23.3324,31.4437,18,12,5.8514,1.8161,342,2.0,2.5,12.8,lumpy,strong,all_year
girasole,6273,1096,5177,0.8253,0.1747,4891.0,0.7797,4.4626,5.2193,18,8,5.5032,1.3679,121,89.0,101.0,111.0,lumpy,strong,broad_seasonal
crossandra,6273,1117,5156,0.8219,0.1781,2745.0,0.4376,2.4575,2.3451,18,12,5.5152,0.9106,224,85.0,110.0,137.0,lumpy,strong,all_year
incenso,6273,1144,5129,0.8176,0.1824,4450.0,0.7094,3.8899,4.1179,18,12,5.1706,1.1207,132,25.8,67.5,90.0,lumpy,strong,all_year
iris,6273,1157,5116,0.8156,0.1844,2966.0,0.4728,2.5635,2.8983,18,12,5.4014,1.2782,62,6.0,8.5,12.8,lumpy,strong,all_year
menta banana,6273,1178,5095,0.8122,0.1878,6351.0,1.0124,5.3913,7.5838,18,12,4.4231,1.9787,111,12.0,56.0,99.0,lumpy,strong,all_year
timo limone,6273,1183,5090,0.8114,0.1886,2651.0,0.4226,2.2409,2.1701,18,12,4.6785,0.9378,141,13.8,26.0,58.0,lumpy,strong,all_year
gaultheria,6273,1204,5069,0.8081,0.1919,3198.0,0.5098,2.6561,2.2209,18,12,5.1131,0.6991,342,2.0,4.0,13.0,lumpy,strong,all_year
rosa patio,6273,1220,5053,0.8055,0.1945,4643.0,0.7402,3.8057,4.2837,18,12,5.055,1.267,129,17.5,33.5,50.0,lumpy,strong,all_year
skimmia,6273,1228,5045,0.8042,0.1958,3144.0,0.5012,2.5603,2.1418,18,12,5.1108,0.6998,358,2.0,2.0,4.0,lumpy,strong,all_year
gardenia,6273,1255,5018,0.7999,0.2001,2521.0,0.4019,2.0088,1.711,18,12,4.9625,0.7255,128,23.0,31.5,43.5,lumpy,strong,all_year
elleboro,6273,1271,5002,0.7974,0.2026,4943.0,0.788,3.8891,3.5211,18,11,4.9205,0.8197,357,2.0,2.0,2.8,lumpy,strong,all_year
pilea,6273,1275,4998,0.7967,0.2033,2213.0,0.3528,1.7357,1.2391,18,12,4.1303,0.5096,42,3.0,9.5,50.2,lumpy,strong,all_year
fucsia,6273,1276,4997,0.7966,0.2034,6173.0,0.9841,4.8378,5.9223,18,7,4.8729,1.4986,115,60.0,65.5,74.0,lumpy,strong,broad_seasonal
mesebrantemo,6273,1290,4983,0.7944,0.2056,12111.0,1.9307,9.3884,12.4483,18,12,4.7044,1.7581,115,54.0,60.0,66.0,lumpy,strong,all_year
bromelia,6273,1291,4982,0.7942,0.2058,2586.0,0.4122,2.0031,1.6566,18,12,4.8279,0.6839,17,3.2,6.0,15.8,lumpy,strong,all_year
cappero,6273,1310,4963,0.7912,0.2088,3319.0,0.5291,2.5336,2.2779,18,12,4.7769,0.8083,124,11.2,15.0,52.5,lumpy,strong,all_year
cineraria,6273,1321,4952,0.7894,0.2106,3875.0,0.6177,2.9334,3.6131,18,12,4.7189,1.5171,67,5.5,13.0,24.8,lumpy,strong,all_year
gerbera,6273,1322,4951,0.7893,0.2107,9823.0,1.5659,7.4304,10.0853,18,9,4.7002,1.8423,92,54.0,63.0,65.8,lumpy,strong,broad_seasonal
curcuma,6273,1326,4947,0.7886,0.2114,2380.0,0.3794,1.7949,1.3873,18,9,4.5268,0.5974,134,91.0,100.0,129.0,lumpy,strong,broad_seasonal
petunia,6273,1350,4923,0.7848,0.2152,20138.0,3.2103,14.917,22.6209,18,8,4.2987,2.2996,121,56.0,65.0,76.0,lumpy,strong,broad_seasonal
sedum,6273,1390,4883,0.7784,0.2216,3434.0,0.5474,2.4705,2.4724,18,12,4.4219,1.0015,251,4.0,9.5,24.5,lumpy,strong,all_year
calla,6273,1401,4872,0.7767,0.2233,4727.0,0.7535,3.374,3.2395,18,12,4.4514,0.9218,88,13.0,32.5,40.0,lumpy,strong,all_year
salvia salvione,6273,1413,4860,0.7747,0.2253,4715.0,0.7516,3.3369,3.7858,18,12,3.8839,1.2872,121,14.5,21.0,54.0,lumpy,strong,all_year
olivo,6273,1436,4837,0.7711,0.2289,2373.0,0.3783,1.6525,1.5396,18,12,4.3345,0.8681,81,4.5,11.0,18.5,lumpy,strong,all_year
bouganvillea,6273,1444,4829,0.7698,0.2302,3579.0,0.5705,2.4785,2.3148,18,12,4.2218,0.8723,129,42.0,53.0,67.0,lumpy,strong,all_year
verbena,6273,1444,4829,0.7698,0.2302,12906.0,2.0574,8.9377,11.3919,18,7,4.1802,1.6246,115,72.0,76.0,85.0,lumpy,strong,broad_seasonal
lavanda,6273,1447,4825,0.7692,0.2307,5234.0,0.8344,3.6178,3.9644,18,12,4.3285,1.2007,115,10.2,26.5,48.0,lumpy,strong,all_year
dichondra,6273,1446,4823,0.7689,0.2305,2439.0,0.3888,1.6895,1.1904,18,12,4.3308,0.4964,121,6.8,15.5,26.5,lumpy,strong,all_year
schlumbergera,6273,1457,4816,0.7677,0.2323,3567.0,0.5686,2.4482,2.2603,18,12,4.3063,0.8524,342,3.2,5.0,8.8,lumpy,strong,all_year
felce nephrolepis,6273,1466,4807,0.7663,0.2337,2275.0,0.3627,1.5518,1.1336,18,12,4.2744,0.5336,92,4.0,6.0,8.0,lumpy,strong,all_year
composizione,6273,1467,4806,0.7661,0.2339,9359.0,1.4919,6.3797,13.6937,18,12,4.264,4.6072,358,3.0,5.5,14.2,lumpy,strong,all_year
saintpaulia,6273,1470,4803,0.7657,0.2343,3630.0,0.5787,2.4694,2.3586,18,12,4.2655,0.9123,130,5.2,6.5,9.5,lumpy,strong,all_year
dimorphoteca,6273,1484,4789,0.7634,0.2366,14659.0,2.3368,9.878,12.0684,18,9,4.1902,1.4926,121,48.5,55.5,57.8,lumpy,strong,broad_seasonal
abelia,6273,1491,4782,0.7623,0.2377,4341.0,0.692,2.9115,2.7358,18,12,4.1966,0.883,236,15.5,37.5,58.8,lumpy,strong,all_year
fittonia,6273,1500,4773,0.7609,0.2391,4150.0,0.6616,2.7667,2.541,18,12,4.1795,0.8435,282,3.0,9.0,44.0,lumpy,strong,all_year
chlorophytum,6273,1504,4769,0.7602,0.2398,2607.0,0.4156,1.7334,1.3304,18,12,4.0073,0.589,121,2.2,6.0,11.0,lumpy,strong,all_year
primula,6273,1505,4768,0.7601,0.2399,59214.0,9.4395,39.3449,63.5931,18,10,4.1695,2.6124,59,2.0,2.0,7.5,lumpy,strong,all_year
bosso,6273,1512,4761,0.759,0.241,5165.0,0.8234,3.416,4.0835,18,12,4.1178,1.429,305,3.5,6.0,20.2,lumpy,strong,all_year
chamadorea,6273,1515,4758,0.7585,0.2415,2581.0,0.4114,1.7036,1.3821,18,12,4.0819,0.6581,33,3.2,6.0,13.2,lumpy,strong,all_year
iberis,6273,1524,4749,0.7571,0.2429,5621.0,0.8961,3.6883,3.857,18,10,4.1149,1.0936,32,2.0,3.0,6.8,lumpy,strong,all_year
margherita,6273,1571,4702,0.7496,0.2504,14339.0,2.2858,9.1273,10.3296,18,10,3.9949,1.2808,115,37.8,46.5,53.8,lumpy,strong,all_year
lavanda angustifolia,6273,1577,4696,0.7486,0.2514,7748.0,1.2351,4.9131,5.8637,18,12,3.4784,1.4244,126,6.2,21.0,55.5,lumpy,strong,all_year
lavanda stoechas,6273,1586,4687,0.7472,0.2528,9688.0,1.5444,6.1084,7.0519,18,12,3.9369,1.3328,115,18.2,30.0,39.5,lumpy,strong,all_year
timo faustini,6273,1593,4680,0.7461,0.2539,4023.0,0.6413,2.5254,2.3125,18,12,3.4472,0.8385,92,4.5,18.0,63.0,lumpy,strong,all_year
piante,6273,1616,4657,0.7424,0.2576,246422.0,39.283,152.4889,169.2481,18,8,2.5957,1.2319,115,73.0,77.0,81.0,lumpy,strong,broad_seasonal
vinca,6273,1618,4655,0.7421,0.2579,9427.0,1.5028,5.8263,7.2952,18,12,3.8182,1.5678,162,12.0,24.0,49.8,lumpy,strong,all_year
euryops,6273,1659,4614,0.7355,0.2645,5866.0,0.9351,3.5359,4.082,18,12,3.7829,1.3328,95,3.0,7.0,14.8,lumpy,strong,all_year
celosia,6273,1689,4583,0.7306,0.2692,6842.0,1.0907,4.0515,3.9734,18,10,3.5504,0.9618,122,96.0,104.0,112.0,lumpy,strong,all_year
narciso,6273,1701,4572,0.7288,0.2712,5334.0,0.8503,3.1358,3.307,18,9,3.6853,1.1122,67,3.0,4.0,6.0,lumpy,strong,broad_seasonal
lilium,6273,1705,4568,0.7282,0.2718,3906.0,0.6227,2.2909,2.1367,18,12,3.6778,0.8699,54,7.8,23.0,43.0,lumpy,strong,all_year
pianta fiorita,6273,1729,4544,0.7244,0.2756,9529.0,1.519,5.5113,6.9379,18,12,3.4358,1.5847,131,3.8,5.5,29.0,lumpy,strong,all_year
juniperus,6273,1733,4538,0.7234,0.2763,4576.0,0.7295,2.6422,2.4681,18,12,3.6195,0.8725,305,4.0,7.5,14.0,lumpy,strong,all_year
rosmarino prostrato,6273,1735,4538,0.7234,0.2766,5050.0,0.805,2.9107,3.2068,18,12,3.357,1.2138,113,6.0,13.0,25.0,lumpy,strong,all_year
portulaca,6273,1753,4520,0.7205,0.2795,12371.0,1.9721,7.057,6.8811,18,7,3.4275,0.9508,153,85.0,102.0,112.0,lumpy,strong,broad_seasonal
calocephalus,6273,1762,4511,0.7191,0.2809,4987.0,0.795,2.8303,2.7256,18,12,3.4248,0.9274,296,2.0,2.0,3.0,lumpy,strong,all_year
gazania,6273,1765,4508,0.7186,0.2814,17395.0,2.773,9.8555,12.419,18,10,3.521,1.5879,115,35.5,45.5,56.0,lumpy,strong,all_year
hippeastrum,6273,1768,4505,0.7182,0.2818,3409.0,0.5434,1.9282,1.4826,18,12,3.5467,0.5912,92,2.0,3.5,5.5,lumpy,strong,all_year
rosa kordana,6273,1791,4482,0.7145,0.2855,6741.0,1.0746,3.7638,3.9491,18,12,3.5,1.1009,304,5.2,7.5,26.2,lumpy,strong,all_year
coffea arabica,6273,1800,4473,0.7131,0.2869,3179.0,0.5068,1.7661,1.2885,18,12,3.2529,0.5322,121,4.0,7.0,20.0,lumpy,strong,all_year
ficus,6273,1803,4470,0.7126,0.2874,3590.0,0.5723,1.9911,1.5576,18,12,3.4778,0.6119,281,2.2,5.0,7.8,lumpy,strong,all_year
calluna,6273,1844,4429,0.706,0.294,23403.0,3.7308,12.6914,16.2662,18,12,3.2767,1.6427,283,2.2,7.5,28.2,lumpy,strong,all_year
echeveria,6273,1876,4397,0.7009,0.2991,5581.0,0.8897,2.9749,3.858,18,12,3.3344,1.6818,358,2.0,2.5,4.8,lumpy,strong,all_year
peperomia,6273,1882,4391,0.7,0.3,4481.0,0.7143,2.381,2.161,18,12,2.1377,0.8237,35,3.0,4.0,7.0,lumpy,strong,all_year
mimosa sensitiva,6273,1885,4388,0.6995,0.3005,5128.0,0.8175,2.7204,2.6304,18,12,3.2686,0.9349,129,11.5,43.0,67.0,lumpy,strong,all_year
hydrangea,6273,1892,4381,0.6984,0.3016,7353.0,1.1722,3.8864,4.0151,18,11,3.2909,1.0673,93,33.2,42.0,52.5,lumpy,strong,all_year
p.verdi,6273,1907,4366,0.696,0.304,11027.0,1.7579,5.7824,6.3676,18,12,3.2901,1.2126,64,2.0,5.0,17.8,lumpy,strong,all_year
loropetalum,6273,1912,4361,0.6952,0.3048,5444.0,0.8678,2.8473,2.5979,18,12,3.2815,0.8325,82,5.5,8.0,25.2,lumpy,strong,all_year
gloxinia,6273,1916,4357,0.6946,0.3054,5099.0,0.8128,2.6613,2.605,18,12,3.2486,0.9582,128,38.0,49.0,79.2,lumpy,strong,all_year
crisantemo,6273,1920,4353,0.6939,0.3061,16117.0,2.5693,8.3943,13.3057,18,12,3.2084,2.5125,302,9.0,20.0,137.0,lumpy,strong,all_year
dalia,6273,1920,4352,0.6938,0.3061,16139.0,2.5728,8.4062,11.8304,18,11,3.247,1.9806,121,37.5,42.5,44.8,lumpy,strong,all_year
tradescantia,6273,1936,4337,0.6914,0.3086,6946.0,1.1073,3.5878,3.6812,18,12,3.2377,1.0527,115,3.0,5.5,34.0,lumpy,strong,all_year
hebe,6273,1944,4329,0.6901,0.3099,8196.0,1.3066,4.216,4.9621,18,12,3.2105,1.3852,246,3.0,5.5,7.8,lumpy,strong,all_year
fragola,6273,1948,4325,0.6895,0.3105,21766.0,3.4698,11.1735,14.6963,18,12,3.1161,1.73,121,25.0,40.0,45.0,lumpy,strong,all_year
impatiens,6273,2010,4263,0.6796,0.3204,34189.0,5.4502,17.0095,22.9979,18,10,2.9821,1.8281,121,67.0,71.0,77.0,lumpy,strong,all_year
platycodon,6273,2133,4140,0.66,0.34,15443.0,2.4618,7.24,7.3326,18,8,2.8269,1.0257,153,96.0,103.0,116.0,lumpy,strong,broad_seasonal
hibiscus,6273,2159,4114,0.6558,0.3442,11117.0,1.7722,5.1491,5.7671,18,12,2.8021,1.2544,121,43.0,71.0,83.0,lumpy,strong,all_year
scindapsus aureus,6273,2231,4042,0.6443,0.3557,4732.0,0.7543,2.121,1.6882,18,12,2.8063,0.6335,72,2.0,3.0,10.2,lumpy,strong,all_year
euphorbia,6273,2239,4034,0.6431,0.3569,7819.0,1.2465,3.4922,4.2224,18,12,2.8012,1.4619,153,2.2,4.5,9.5,lumpy,strong,all_year
tulipano,6273,2251,4022,0.6412,0.3588,9172.0,1.4621,4.0746,3.8875,18,10,2.7867,0.9103,293,2.0,3.0,3.0,lumpy,strong,all_year
surfinia,6273,2257,4016,0.6402,0.3598,78617.0,12.5326,34.8325,43.069,18,9,2.6512,1.5288,115,65.0,68.0,73.0,lumpy,strong,broad_seasonal
conifere,6273,2287,3986,0.6354,0.3646,8938.0,1.4248,3.9082,4.6261,18,12,2.741,1.4012,303,2.0,2.5,6.0,lumpy,strong,all_year
cipresso goldcrest,6273,2289,3984,0.6351,0.3649,7119.0,1.1349,3.1101,3.2451,18,12,2.7365,1.0887,303,2.0,3.5,5.0,lumpy,strong,all_year
garofano,6273,2330,3943,0.6286,0.3714,21578.0,3.4398,9.2609,10.9187,18,11,2.6754,1.39,92,10.2,19.0,34.0,lumpy,strong,all_year
euphorbia milii,6273,2331,3942,0.6284,0.3716,9402.0,1.4988,4.0335,3.9628,18,12,2.6841,0.9653,153,7.5,18.5,37.5,lumpy,strong,all_year
giacinto,6273,2379,3894,0.6208,0.3792,15682.0,2.4999,6.5918,7.9048,18,11,2.6371,1.438,64,2.0,2.0,2.8,lumpy,strong,all_year
salvia,6273,2396,3877,0.618,0.382,8798.0,1.4025,3.672,4.1559,18,12,2.5716,1.281,85,3.0,12.0,53.0,lumpy,strong,all_year
azalea,6273,2404,3869,0.6168,0.3832,8384.0,1.3365,3.4875,4.1251,18,12,2.6097,1.3991,92,3.2,5.5,17.5,lumpy,strong,all_year
tillandsia,6273,2420,3853,0.6142,0.3858,5493.0,0.8757,2.2698,2.0499,18,12,2.5754,0.8156,355,2.2,3.5,7.0,lumpy,strong,all_year
rosmarino,6273,2430,3843,0.6126,0.3874,8337.0,1.329,3.4309,3.7558,18,12,2.5554,1.1984,85,2.2,6.5,16.5,lumpy,strong,all_year
rhynchospermum,6273,2434,3839,0.612,0.388,8353.0,1.3316,3.4318,3.2264,18,12,2.5762,0.8839,153,4.0,8.0,14.8,lumpy,strong,all_year
carnivora dionea,6273,2476,3797,0.6053,0.3947,5259.0,0.8384,2.124,1.7511,18,12,2.5236,0.6797,121,4.0,5.5,10.5,lumpy,strong,all_year
dipladenia,6273,2480,3792,0.6045,0.3953,20476.0,3.2641,8.2569,9.66,18,10,2.4905,1.3688,153,56.8,62.0,70.5,lumpy,strong,all_year
guzmania,6273,2533,3740,0.5962,0.4038,5257.0,0.838,2.0754,1.6618,18,12,2.4759,0.6412,358,3.0,3.0,5.0,lumpy,strong,all_year
calathea,6273,2557,3716,0.5924,0.4076,4942.0,0.7878,1.9327,1.495,18,12,2.4527,0.5983,358,2.0,3.0,4.0,lumpy,strong,all_year
geraneo,6273,2565,3708,0.5911,0.4089,190789.0,30.4143,74.3817,98.6556,18,10,2.4267,1.7592,115,52.2,57.5,65.0,lumpy,strong,all_year
pothos,6273,2587,3686,0.5876,0.4124,5628.0,0.8972,2.1755,1.8038,18,12,2.4184,0.6875,121,2.0,3.5,8.0,lumpy,strong,all_year
cipolla,6273,2599,3674,0.5857,0.4143,13858.0,2.2092,5.3321,6.1207,18,12,2.4092,1.3177,115,4.0,6.0,8.8,lumpy,strong,all_year
campanula,6273,2728,3545,0.5651,0.4349,17718.0,2.8245,6.4949,7.4629,18,11,2.2897,1.3203,115,20.0,26.0,33.5,lumpy,strong,all_year
euonymus,6273,2730,3543,0.5648,0.4352,10867.0,1.7323,3.9806,4.1891,18,12,2.2972,1.1075,301,2.2,4.0,5.5,lumpy,strong,all_year
dieffembachia,6273,2825,3448,0.5497,0.4503,5320.0,0.8481,1.8832,1.5414,18,12,2.2203,0.6699,88,2.0,3.0,3.8,lumpy,strong,all_year
sanseveria,6273,2907,3366,0.5366,0.4634,6556.0,1.0451,2.2552,2.3048,18,12,2.1573,1.0444,135,2.0,3.0,4.0,lumpy,strong,all_year
basilico,6273,3117,3156,0.5031,0.4969,38534.0,6.1428,12.3625,18.1651,18,12,1.9942,2.159,115,29.5,50.0,53.0,lumpy,strong,all_year
rosa,6273,3180,3093,0.4931,0.5069,19320.0,3.0799,6.0755,7.9653,18,12,1.9707,1.7189,121,3.0,4.5,15.8,lumpy,strong,all_year
cactus gymno,6273,3206,3067,0.4889,0.5111,9215.0,1.469,2.8743,2.6914,18,12,1.9566,0.8768,358,2.2,3.0,4.0,lumpy,strong,all_year
peperoncino,6273,3337,2936,0.468,0.532,15246.0,2.4304,4.5688,5.2842,18,12,1.8795,1.3377,121,2.2,6.0,8.2,lumpy,strong,all_year
ciclamino,6273,3364,2909,0.4637,0.5363,98050.0,15.6305,29.1468,35.9309,18,12,1.865,1.5197,303,2.0,2.0,2.0,lumpy,strong,all_year
pansè,6273,3385,2888,0.4604,0.5396,249293.0,39.7406,73.6464,89.9602,18,12,1.8534,1.4921,305,2.0,2.0,2.0,lumpy,strong,all_year
begonia,6273,3448,2825,0.4503,0.5497,12911.0,2.0582,3.7445,4.0149,18,12,1.8187,1.1497,121,5.2,7.0,14.0,lumpy,strong,all_year
aromatiche,6273,3896,2377,0.3789,0.6211,61886.0,9.8655,15.8845,25.7379,18,12,1.609,2.6254,115,2.0,2.0,12.0,lumpy,strong,all_year
edera,6273,4326,1947,0.3104,0.6896,19057.0,3.0379,4.4052,4.1321,18,12,1.4502,0.8798,302,2.0,2.0,3.0,lumpy,strong,all_year
anthurium,6273,4344,1929,0.3075,0.6925,13517.0,2.1548,3.1116,2.8112,18,12,1.4442,0.8162,301,2.0,2.5,3.0,lumpy,strong,all_year
ortaggi,6273,4702,1571,0.2504,0.7496,321789.0,51.2975,68.4366,113.9694,18,12,1.3278,2.7733,120,3.2,6.5,30.8,lumpy,strong,all_year
